ID,duration,wav,wav_format,wav_opts
aug_0,17.65875,/scratch/yadel/datasets/voxCeleb/pointsource_noises/noise-free-sound-0000.wav,wav,
aug_1,40.5365,/scratch/yadel/datasets/voxCeleb/pointsource_noises/noise-free-sound-0001.wav,wav,
aug_2,71.2175,/scratch/yadel/datasets/voxCeleb/pointsource_noises/noise-free-sound-0002.wav,wav,
aug_3,14.2358125,/scratch/yadel/datasets/voxCeleb/pointsource_noises/noise-free-sound-0003.wav,wav,
aug_4,2.9865,/scratch/yadel/datasets/voxCeleb/pointsource_noises/noise-free-sound-0004.wav,wav,
aug_5,21.1853125,/scratch/yadel/datasets/voxCeleb/pointsource_noises/noise-free-sound-0005.wav,wav,
aug_6,7.7701875,/scratch/yadel/datasets/voxCeleb/pointsource_noises/noise-free-sound-0006.wav,wav,
aug_7,16.613875,/scratch/yadel/datasets/voxCeleb/pointsource_noises/noise-free-sound-0007.wav,wav,
aug_8,20.8050625,/scratch/yadel/datasets/voxCeleb/pointsource_noises/noise-free-sound-0008.wav,wav,
aug_9,8.3866875,/scratch/yadel/datasets/voxCeleb/pointsource_noises/noise-free-sound-0009.wav,wav,
aug_10,8.2415625,/scratch/yadel/datasets/voxCeleb/pointsource_noises/noise-free-sound-0010.wav,wav,
aug_11,34.8501875,/scratch/yadel/datasets/voxCeleb/pointsource_noises/noise-free-sound-0011.wav,wav,
aug_12,32.15625,/scratch/yadel/datasets/voxCeleb/pointsource_noises/noise-free-sound-0012.wav,wav,
aug_13,1.5445,/scratch/yadel/datasets/voxCeleb/pointsource_noises/noise-free-sound-0013.wav,wav,
aug_14,3.4159375,/scratch/yadel/datasets/voxCeleb/pointsource_noises/noise-free-sound-0014.wav,wav,
aug_15,91.244875,/scratch/yadel/datasets/voxCeleb/pointsource_noises/noise-free-sound-0015.wav,wav,
aug_16,4.0,/scratch/yadel/datasets/voxCeleb/pointsource_noises/noise-free-sound-0016.wav,wav,
aug_17,7.8773125,/scratch/yadel/datasets/voxCeleb/pointsource_noises/noise-free-sound-0017.wav,wav,
aug_18,14.5763125,/scratch/yadel/datasets/voxCeleb/pointsource_noises/noise-free-sound-0018.wav,wav,
aug_19,11.55775,/scratch/yadel/datasets/voxCeleb/pointsource_noises/noise-free-sound-0019.wav,wav,
aug_20,60.18575,/scratch/yadel/datasets/voxCeleb/pointsource_noises/noise-free-sound-0020.wav,wav,
aug_21,18.0453125,/scratch/yadel/datasets/voxCeleb/pointsource_noises/noise-free-sound-0021.wav,wav,
aug_22,24.832,/scratch/yadel/datasets/voxCeleb/pointsource_noises/noise-free-sound-0022.wav,wav,
aug_23,11.24,/scratch/yadel/datasets/voxCeleb/pointsource_noises/noise-free-sound-0023.wav,wav,
aug_24,19.7790625,/scratch/yadel/datasets/voxCeleb/pointsource_noises/noise-free-sound-0024.wav,wav,
aug_25,2.3466875,/scratch/yadel/datasets/voxCeleb/pointsource_noises/noise-free-sound-0025.wav,wav,
aug_26,3.7973125,/scratch/yadel/datasets/voxCeleb/pointsource_noises/noise-free-sound-0026.wav,wav,
aug_27,23.04,/scratch/yadel/datasets/voxCeleb/pointsource_noises/noise-free-sound-0027.wav,wav,
aug_28,19.6179375,/scratch/yadel/datasets/voxCeleb/pointsource_noises/noise-free-sound-0028.wav,wav,
aug_29,8.90775,/scratch/yadel/datasets/voxCeleb/pointsource_noises/noise-free-sound-0029.wav,wav,
aug_30,73.01225,/scratch/yadel/datasets/voxCeleb/pointsource_noises/noise-free-sound-0030.wav,wav,
aug_31,35.4743125,/scratch/yadel/datasets/voxCeleb/pointsource_noises/noise-free-sound-0031.wav,wav,
aug_32,61.42,/scratch/yadel/datasets/voxCeleb/pointsource_noises/noise-free-sound-0032.wav,wav,
aug_33,5.5263125,/scratch/yadel/datasets/voxCeleb/pointsource_noises/noise-free-sound-0033.wav,wav,
aug_34,20.689,/scratch/yadel/datasets/voxCeleb/pointsource_noises/noise-free-sound-0034.wav,wav,
aug_35,31.9333125,/scratch/yadel/datasets/voxCeleb/pointsource_noises/noise-free-sound-0035.wav,wav,
aug_36,4.57,/scratch/yadel/datasets/voxCeleb/pointsource_noises/noise-free-sound-0036.wav,wav,
aug_37,0.94,/scratch/yadel/datasets/voxCeleb/pointsource_noises/noise-free-sound-0037.wav,wav,
aug_38,0.9133125,/scratch/yadel/datasets/voxCeleb/pointsource_noises/noise-free-sound-0038.wav,wav,
aug_39,3.4466875,/scratch/yadel/datasets/voxCeleb/pointsource_noises/noise-free-sound-0039.wav,wav,
aug_40,16.73,/scratch/yadel/datasets/voxCeleb/pointsource_noises/noise-free-sound-0040.wav,wav,
aug_41,57.782875,/scratch/yadel/datasets/voxCeleb/pointsource_noises/noise-free-sound-0041.wav,wav,
aug_42,319.5559375,/scratch/yadel/datasets/voxCeleb/pointsource_noises/noise-free-sound-0042.wav,wav,
aug_43,1.5325,/scratch/yadel/datasets/voxCeleb/pointsource_noises/noise-free-sound-0043.wav,wav,
aug_44,4.5975625,/scratch/yadel/datasets/voxCeleb/pointsource_noises/noise-free-sound-0044.wav,wav,
aug_45,4.644,/scratch/yadel/datasets/voxCeleb/pointsource_noises/noise-free-sound-0045.wav,wav,
aug_46,4.62075,/scratch/yadel/datasets/voxCeleb/pointsource_noises/noise-free-sound-0046.wav,wav,
aug_47,5.2966875,/scratch/yadel/datasets/voxCeleb/pointsource_noises/noise-free-sound-0047.wav,wav,
aug_48,494.6599375,/scratch/yadel/datasets/voxCeleb/pointsource_noises/noise-free-sound-0048.wav,wav,
aug_49,3.4666875,/scratch/yadel/datasets/voxCeleb/pointsource_noises/noise-free-sound-0049.wav,wav,
aug_50,4.133125,/scratch/yadel/datasets/voxCeleb/pointsource_noises/noise-free-sound-0050.wav,wav,
aug_51,6.52,/scratch/yadel/datasets/voxCeleb/pointsource_noises/noise-free-sound-0051.wav,wav,
aug_52,5.6641875,/scratch/yadel/datasets/voxCeleb/pointsource_noises/noise-free-sound-0052.wav,wav,
aug_53,5.2719375,/scratch/yadel/datasets/voxCeleb/pointsource_noises/noise-free-sound-0053.wav,wav,
aug_54,10.053375,/scratch/yadel/datasets/voxCeleb/pointsource_noises/noise-free-sound-0054.wav,wav,
aug_55,40.09775,/scratch/yadel/datasets/voxCeleb/pointsource_noises/noise-free-sound-0055.wav,wav,
aug_56,9.74275,/scratch/yadel/datasets/voxCeleb/pointsource_noises/noise-free-sound-0056.wav,wav,
aug_57,8.1304375,/scratch/yadel/datasets/voxCeleb/pointsource_noises/noise-free-sound-0057.wav,wav,
aug_58,2.0,/scratch/yadel/datasets/voxCeleb/pointsource_noises/noise-free-sound-0058.wav,wav,
aug_59,30.4428125,/scratch/yadel/datasets/voxCeleb/pointsource_noises/noise-free-sound-0059.wav,wav,
aug_60,1.044875,/scratch/yadel/datasets/voxCeleb/pointsource_noises/noise-free-sound-0060.wav,wav,
aug_61,11.0498125,/scratch/yadel/datasets/voxCeleb/pointsource_noises/noise-free-sound-0061.wav,wav,
aug_62,6.0666875,/scratch/yadel/datasets/voxCeleb/pointsource_noises/noise-free-sound-0062.wav,wav,
aug_63,6.2666875,/scratch/yadel/datasets/voxCeleb/pointsource_noises/noise-free-sound-0063.wav,wav,
aug_64,100.1333125,/scratch/yadel/datasets/voxCeleb/pointsource_noises/noise-free-sound-0064.wav,wav,
aug_65,6.9753125,/scratch/yadel/datasets/voxCeleb/pointsource_noises/noise-free-sound-0065.wav,wav,
aug_66,60.9436875,/scratch/yadel/datasets/voxCeleb/pointsource_noises/noise-free-sound-0066.wav,wav,
aug_67,39.889,/scratch/yadel/datasets/voxCeleb/pointsource_noises/noise-free-sound-0067.wav,wav,
aug_68,20.075,/scratch/yadel/datasets/voxCeleb/pointsource_noises/noise-free-sound-0068.wav,wav,
aug_69,2.5714375,/scratch/yadel/datasets/voxCeleb/pointsource_noises/noise-free-sound-0069.wav,wav,
aug_70,17.98025,/scratch/yadel/datasets/voxCeleb/pointsource_noises/noise-free-sound-0070.wav,wav,
aug_71,9.3919375,/scratch/yadel/datasets/voxCeleb/pointsource_noises/noise-free-sound-0071.wav,wav,
aug_72,26.6225625,/scratch/yadel/datasets/voxCeleb/pointsource_noises/noise-free-sound-0072.wav,wav,
aug_73,124.5685625,/scratch/yadel/datasets/voxCeleb/pointsource_noises/noise-free-sound-0073.wav,wav,
aug_74,17.24,/scratch/yadel/datasets/voxCeleb/pointsource_noises/noise-free-sound-0074.wav,wav,
aug_75,20.31125,/scratch/yadel/datasets/voxCeleb/pointsource_noises/noise-free-sound-0075.wav,wav,
aug_76,80.0,/scratch/yadel/datasets/voxCeleb/pointsource_noises/noise-free-sound-0076.wav,wav,
aug_77,11.7233125,/scratch/yadel/datasets/voxCeleb/pointsource_noises/noise-free-sound-0077.wav,wav,
aug_78,10.370625,/scratch/yadel/datasets/voxCeleb/pointsource_noises/noise-free-sound-0078.wav,wav,
aug_79,6.0005625,/scratch/yadel/datasets/voxCeleb/pointsource_noises/noise-free-sound-0079.wav,wav,
aug_80,30.374625,/scratch/yadel/datasets/voxCeleb/pointsource_noises/noise-free-sound-0080.wav,wav,
aug_81,21.5824375,/scratch/yadel/datasets/voxCeleb/pointsource_noises/noise-free-sound-0081.wav,wav,
aug_82,20.20375,/scratch/yadel/datasets/voxCeleb/pointsource_noises/noise-free-sound-0082.wav,wav,
aug_83,0.59125,/scratch/yadel/datasets/voxCeleb/pointsource_noises/noise-free-sound-0083.wav,wav,
aug_84,19.4194375,/scratch/yadel/datasets/voxCeleb/pointsource_noises/noise-free-sound-0084.wav,wav,
aug_85,4.671375,/scratch/yadel/datasets/voxCeleb/pointsource_noises/noise-free-sound-0085.wav,wav,
aug_86,51.685,/scratch/yadel/datasets/voxCeleb/pointsource_noises/noise-free-sound-0086.wav,wav,
aug_87,2.8,/scratch/yadel/datasets/voxCeleb/pointsource_noises/noise-free-sound-0087.wav,wav,
aug_88,44.8666875,/scratch/yadel/datasets/voxCeleb/pointsource_noises/noise-free-sound-0088.wav,wav,
aug_89,13.871,/scratch/yadel/datasets/voxCeleb/pointsource_noises/noise-free-sound-0089.wav,wav,
aug_90,5.8441875,/scratch/yadel/datasets/voxCeleb/pointsource_noises/noise-free-sound-0090.wav,wav,
aug_91,5.062125,/scratch/yadel/datasets/voxCeleb/pointsource_noises/noise-free-sound-0091.wav,wav,
aug_92,15.079625,/scratch/yadel/datasets/voxCeleb/pointsource_noises/noise-free-sound-0092.wav,wav,
aug_93,5.317375,/scratch/yadel/datasets/voxCeleb/pointsource_noises/noise-free-sound-0093.wav,wav,
aug_94,5.5898125,/scratch/yadel/datasets/voxCeleb/pointsource_noises/noise-free-sound-0094.wav,wav,
aug_95,4.068375,/scratch/yadel/datasets/voxCeleb/pointsource_noises/noise-free-sound-0095.wav,wav,
aug_96,7.7841875,/scratch/yadel/datasets/voxCeleb/pointsource_noises/noise-free-sound-0096.wav,wav,
aug_97,2.7369375,/scratch/yadel/datasets/voxCeleb/pointsource_noises/noise-free-sound-0097.wav,wav,
aug_98,2.766,/scratch/yadel/datasets/voxCeleb/pointsource_noises/noise-free-sound-0098.wav,wav,
aug_99,7.4946875,/scratch/yadel/datasets/voxCeleb/pointsource_noises/noise-free-sound-0099.wav,wav,
aug_100,7.323125,/scratch/yadel/datasets/voxCeleb/pointsource_noises/noise-free-sound-0100.wav,wav,
aug_101,112.90125,/scratch/yadel/datasets/voxCeleb/pointsource_noises/noise-free-sound-0101.wav,wav,
aug_102,143.62125,/scratch/yadel/datasets/voxCeleb/pointsource_noises/noise-free-sound-0102.wav,wav,
aug_103,5.2381875,/scratch/yadel/datasets/voxCeleb/pointsource_noises/noise-free-sound-0103.wav,wav,
aug_104,15.888,/scratch/yadel/datasets/voxCeleb/pointsource_noises/noise-free-sound-0104.wav,wav,
aug_105,306.4163125,/scratch/yadel/datasets/voxCeleb/pointsource_noises/noise-free-sound-0105.wav,wav,
aug_106,153.952,/scratch/yadel/datasets/voxCeleb/pointsource_noises/noise-free-sound-0106.wav,wav,
aug_107,11.766,/scratch/yadel/datasets/voxCeleb/pointsource_noises/noise-free-sound-0107.wav,wav,
aug_108,19.3963125,/scratch/yadel/datasets/voxCeleb/pointsource_noises/noise-free-sound-0108.wav,wav,
aug_109,37.101875,/scratch/yadel/datasets/voxCeleb/pointsource_noises/noise-free-sound-0109.wav,wav,
aug_110,40.8931875,/scratch/yadel/datasets/voxCeleb/pointsource_noises/noise-free-sound-0110.wav,wav,
aug_111,16.4451875,/scratch/yadel/datasets/voxCeleb/pointsource_noises/noise-free-sound-0111.wav,wav,
aug_112,1.0144375,/scratch/yadel/datasets/voxCeleb/pointsource_noises/noise-free-sound-0112.wav,wav,
aug_113,5.8461875,/scratch/yadel/datasets/voxCeleb/pointsource_noises/noise-free-sound-0113.wav,wav,
aug_114,99.9298125,/scratch/yadel/datasets/voxCeleb/pointsource_noises/noise-free-sound-0114.wav,wav,
aug_115,2.577125,/scratch/yadel/datasets/voxCeleb/pointsource_noises/noise-free-sound-0115.wav,wav,
aug_116,8.82075,/scratch/yadel/datasets/voxCeleb/pointsource_noises/noise-free-sound-0116.wav,wav,
aug_117,33.6573125,/scratch/yadel/datasets/voxCeleb/pointsource_noises/noise-free-sound-0117.wav,wav,
aug_118,17.41,/scratch/yadel/datasets/voxCeleb/pointsource_noises/noise-free-sound-0118.wav,wav,
aug_119,70.728,/scratch/yadel/datasets/voxCeleb/pointsource_noises/noise-free-sound-0119.wav,wav,
aug_120,18.4344375,/scratch/yadel/datasets/voxCeleb/pointsource_noises/noise-free-sound-0120.wav,wav,
aug_121,44.0,/scratch/yadel/datasets/voxCeleb/pointsource_noises/noise-free-sound-0121.wav,wav,
aug_122,8.0,/scratch/yadel/datasets/voxCeleb/pointsource_noises/noise-free-sound-0122.wav,wav,
aug_123,7.5,/scratch/yadel/datasets/voxCeleb/pointsource_noises/noise-free-sound-0123.wav,wav,
aug_124,5.0,/scratch/yadel/datasets/voxCeleb/pointsource_noises/noise-free-sound-0124.wav,wav,
aug_125,1.125,/scratch/yadel/datasets/voxCeleb/pointsource_noises/noise-free-sound-0125.wav,wav,
aug_126,19.7823125,/scratch/yadel/datasets/voxCeleb/pointsource_noises/noise-free-sound-0126.wav,wav,
aug_127,2.448,/scratch/yadel/datasets/voxCeleb/pointsource_noises/noise-free-sound-0127.wav,wav,
aug_128,4.056,/scratch/yadel/datasets/voxCeleb/pointsource_noises/noise-free-sound-0128.wav,wav,
aug_129,8.2939375,/scratch/yadel/datasets/voxCeleb/pointsource_noises/noise-free-sound-0129.wav,wav,
aug_130,38.8701875,/scratch/yadel/datasets/voxCeleb/pointsource_noises/noise-free-sound-0130.wav,wav,
aug_131,55.597375,/scratch/yadel/datasets/voxCeleb/pointsource_noises/noise-free-sound-0131.wav,wav,
aug_132,0.7158125,/scratch/yadel/datasets/voxCeleb/pointsource_noises/noise-free-sound-0132.wav,wav,
aug_133,0.5209375,/scratch/yadel/datasets/voxCeleb/pointsource_noises/noise-free-sound-0133.wav,wav,
aug_134,2.513375,/scratch/yadel/datasets/voxCeleb/pointsource_noises/noise-free-sound-0134.wav,wav,
aug_135,3.0045625,/scratch/yadel/datasets/voxCeleb/pointsource_noises/noise-free-sound-0135.wav,wav,
aug_136,0.625,/scratch/yadel/datasets/voxCeleb/pointsource_noises/noise-free-sound-0136.wav,wav,
aug_137,113.25,/scratch/yadel/datasets/voxCeleb/pointsource_noises/noise-free-sound-0137.wav,wav,
aug_138,3.25,/scratch/yadel/datasets/voxCeleb/pointsource_noises/noise-free-sound-0138.wav,wav,
aug_139,15.5146875,/scratch/yadel/datasets/voxCeleb/pointsource_noises/noise-free-sound-0139.wav,wav,
aug_140,24.77475,/scratch/yadel/datasets/voxCeleb/pointsource_noises/noise-free-sound-0140.wav,wav,
aug_141,135.0720625,/scratch/yadel/datasets/voxCeleb/pointsource_noises/noise-free-sound-0141.wav,wav,
aug_142,38.99975,/scratch/yadel/datasets/voxCeleb/pointsource_noises/noise-free-sound-0142.wav,wav,
aug_143,13.0430625,/scratch/yadel/datasets/voxCeleb/pointsource_noises/noise-free-sound-0143.wav,wav,
aug_144,25.54775,/scratch/yadel/datasets/voxCeleb/pointsource_noises/noise-free-sound-0144.wav,wav,
aug_145,2.9121875,/scratch/yadel/datasets/voxCeleb/pointsource_noises/noise-free-sound-0145.wav,wav,
aug_146,2.0775,/scratch/yadel/datasets/voxCeleb/pointsource_noises/noise-free-sound-0146.wav,wav,
aug_147,8.6333125,/scratch/yadel/datasets/voxCeleb/pointsource_noises/noise-free-sound-0147.wav,wav,
aug_148,2.214875,/scratch/yadel/datasets/voxCeleb/pointsource_noises/noise-free-sound-0148.wav,wav,
aug_149,1.7618125,/scratch/yadel/datasets/voxCeleb/pointsource_noises/noise-free-sound-0149.wav,wav,
aug_150,0.4504375,/scratch/yadel/datasets/voxCeleb/pointsource_noises/noise-free-sound-0150.wav,wav,
aug_151,53.76,/scratch/yadel/datasets/voxCeleb/pointsource_noises/noise-free-sound-0151.wav,wav,
aug_152,97.156,/scratch/yadel/datasets/voxCeleb/pointsource_noises/noise-free-sound-0152.wav,wav,
aug_153,72.1493125,/scratch/yadel/datasets/voxCeleb/pointsource_noises/noise-free-sound-0153.wav,wav,
aug_154,62.464,/scratch/yadel/datasets/voxCeleb/pointsource_noises/noise-free-sound-0154.wav,wav,
aug_155,72.6613125,/scratch/yadel/datasets/voxCeleb/pointsource_noises/noise-free-sound-0155.wav,wav,
aug_156,90.197375,/scratch/yadel/datasets/voxCeleb/pointsource_noises/noise-free-sound-0156.wav,wav,
aug_157,3.0933125,/scratch/yadel/datasets/voxCeleb/pointsource_noises/noise-free-sound-0157.wav,wav,
aug_158,64.884,/scratch/yadel/datasets/voxCeleb/pointsource_noises/noise-free-sound-0158.wav,wav,
aug_159,5.216,/scratch/yadel/datasets/voxCeleb/pointsource_noises/noise-free-sound-0159.wav,wav,
aug_160,34.325375,/scratch/yadel/datasets/voxCeleb/pointsource_noises/noise-free-sound-0160.wav,wav,
aug_161,76.476,/scratch/yadel/datasets/voxCeleb/pointsource_noises/noise-free-sound-0161.wav,wav,
aug_162,14.9333125,/scratch/yadel/datasets/voxCeleb/pointsource_noises/noise-free-sound-0162.wav,wav,
aug_163,0.3626875,/scratch/yadel/datasets/voxCeleb/pointsource_noises/noise-free-sound-0163.wav,wav,
aug_164,24.96,/scratch/yadel/datasets/voxCeleb/pointsource_noises/noise-free-sound-0164.wav,wav,
aug_165,33.837375,/scratch/yadel/datasets/voxCeleb/pointsource_noises/noise-free-sound-0165.wav,wav,
aug_166,0.768,/scratch/yadel/datasets/voxCeleb/pointsource_noises/noise-free-sound-0166.wav,wav,
aug_167,2.005375,/scratch/yadel/datasets/voxCeleb/pointsource_noises/noise-free-sound-0167.wav,wav,
aug_168,1.344,/scratch/yadel/datasets/voxCeleb/pointsource_noises/noise-free-sound-0168.wav,wav,
aug_169,2.304,/scratch/yadel/datasets/voxCeleb/pointsource_noises/noise-free-sound-0169.wav,wav,
aug_170,5.2906875,/scratch/yadel/datasets/voxCeleb/pointsource_noises/noise-free-sound-0170.wav,wav,
aug_171,4.6293125,/scratch/yadel/datasets/voxCeleb/pointsource_noises/noise-free-sound-0171.wav,wav,
aug_172,49.5543125,/scratch/yadel/datasets/voxCeleb/pointsource_noises/noise-free-sound-0172.wav,wav,
aug_173,106.802,/scratch/yadel/datasets/voxCeleb/pointsource_noises/noise-free-sound-0173.wav,wav,
aug_174,9.109125,/scratch/yadel/datasets/voxCeleb/pointsource_noises/noise-free-sound-0174.wav,wav,
aug_175,4.7188125,/scratch/yadel/datasets/voxCeleb/pointsource_noises/noise-free-sound-0175.wav,wav,
aug_176,2.9843125,/scratch/yadel/datasets/voxCeleb/pointsource_noises/noise-free-sound-0176.wav,wav,
aug_177,106.737875,/scratch/yadel/datasets/voxCeleb/pointsource_noises/noise-free-sound-0177.wav,wav,
aug_178,4.884625,/scratch/yadel/datasets/voxCeleb/pointsource_noises/noise-free-sound-0178.wav,wav,
aug_179,2.813,/scratch/yadel/datasets/voxCeleb/pointsource_noises/noise-free-sound-0179.wav,wav,
aug_180,15.5155,/scratch/yadel/datasets/voxCeleb/pointsource_noises/noise-free-sound-0180.wav,wav,
aug_181,4.7964375,/scratch/yadel/datasets/voxCeleb/pointsource_noises/noise-free-sound-0181.wav,wav,
aug_182,2.25225,/scratch/yadel/datasets/voxCeleb/pointsource_noises/noise-free-sound-0182.wav,wav,
aug_183,8.0914375,/scratch/yadel/datasets/voxCeleb/pointsource_noises/noise-free-sound-0183.wav,wav,
aug_184,32.407375,/scratch/yadel/datasets/voxCeleb/pointsource_noises/noise-free-sound-0184.wav,wav,
aug_185,2.6693125,/scratch/yadel/datasets/voxCeleb/pointsource_noises/noise-free-sound-0185.wav,wav,
aug_186,2.8361875,/scratch/yadel/datasets/voxCeleb/pointsource_noises/noise-free-sound-0186.wav,wav,
aug_187,6.4230625,/scratch/yadel/datasets/voxCeleb/pointsource_noises/noise-free-sound-0187.wav,wav,
aug_188,9.5511875,/scratch/yadel/datasets/voxCeleb/pointsource_noises/noise-free-sound-0188.wav,wav,
aug_189,6.8401875,/scratch/yadel/datasets/voxCeleb/pointsource_noises/noise-free-sound-0189.wav,wav,
aug_190,6.131125,/scratch/yadel/datasets/voxCeleb/pointsource_noises/noise-free-sound-0190.wav,wav,
aug_191,3.9623125,/scratch/yadel/datasets/voxCeleb/pointsource_noises/noise-free-sound-0191.wav,wav,
aug_192,6.6733125,/scratch/yadel/datasets/voxCeleb/pointsource_noises/noise-free-sound-0192.wav,wav,
aug_193,4.004,/scratch/yadel/datasets/voxCeleb/pointsource_noises/noise-free-sound-0193.wav,wav,
aug_194,7.882875,/scratch/yadel/datasets/voxCeleb/pointsource_noises/noise-free-sound-0194.wav,wav,
aug_195,4.2959375,/scratch/yadel/datasets/voxCeleb/pointsource_noises/noise-free-sound-0195.wav,wav,
aug_196,3.628625,/scratch/yadel/datasets/voxCeleb/pointsource_noises/noise-free-sound-0196.wav,wav,
aug_197,10.5939375,/scratch/yadel/datasets/voxCeleb/pointsource_noises/noise-free-sound-0197.wav,wav,
aug_198,9.134125,/scratch/yadel/datasets/voxCeleb/pointsource_noises/noise-free-sound-0198.wav,wav,
aug_199,6.25625,/scratch/yadel/datasets/voxCeleb/pointsource_noises/noise-free-sound-0199.wav,wav,
aug_200,8.75875,/scratch/yadel/datasets/voxCeleb/pointsource_noises/noise-free-sound-0200.wav,wav,
aug_201,7.0486875,/scratch/yadel/datasets/voxCeleb/pointsource_noises/noise-free-sound-0201.wav,wav,
aug_202,10.5521875,/scratch/yadel/datasets/voxCeleb/pointsource_noises/noise-free-sound-0202.wav,wav,
aug_203,11.0944375,/scratch/yadel/datasets/voxCeleb/pointsource_noises/noise-free-sound-0203.wav,wav,
aug_204,6.381375,/scratch/yadel/datasets/voxCeleb/pointsource_noises/noise-free-sound-0204.wav,wav,
aug_205,14.389375,/scratch/yadel/datasets/voxCeleb/pointsource_noises/noise-free-sound-0205.wav,wav,
aug_206,2.3356875,/scratch/yadel/datasets/voxCeleb/pointsource_noises/noise-free-sound-0206.wav,wav,
aug_207,7.0904375,/scratch/yadel/datasets/voxCeleb/pointsource_noises/noise-free-sound-0207.wav,wav,
aug_208,6.4648125,/scratch/yadel/datasets/voxCeleb/pointsource_noises/noise-free-sound-0208.wav,wav,
aug_209,9.6763125,/scratch/yadel/datasets/voxCeleb/pointsource_noises/noise-free-sound-0209.wav,wav,
aug_210,5.6723125,/scratch/yadel/datasets/voxCeleb/pointsource_noises/noise-free-sound-0210.wav,wav,
aug_211,6.2145625,/scratch/yadel/datasets/voxCeleb/pointsource_noises/noise-free-sound-0211.wav,wav,
aug_212,9.5511875,/scratch/yadel/datasets/voxCeleb/pointsource_noises/noise-free-sound-0212.wav,wav,
aug_213,5.7140625,/scratch/yadel/datasets/voxCeleb/pointsource_noises/noise-free-sound-0213.wav,wav,
aug_214,8.25825,/scratch/yadel/datasets/voxCeleb/pointsource_noises/noise-free-sound-0214.wav,wav,
aug_215,6.4375,/scratch/yadel/datasets/voxCeleb/pointsource_noises/noise-free-sound-0215.wav,wav,
aug_216,38.4588125,/scratch/yadel/datasets/voxCeleb/pointsource_noises/noise-free-sound-0216.wav,wav,
aug_217,4.8381875,/scratch/yadel/datasets/voxCeleb/pointsource_noises/noise-free-sound-0217.wav,wav,
aug_218,6.131125,/scratch/yadel/datasets/voxCeleb/pointsource_noises/noise-free-sound-0218.wav,wav,
aug_219,6.5899375,/scratch/yadel/datasets/voxCeleb/pointsource_noises/noise-free-sound-0219.wav,wav,
aug_220,8.4668125,/scratch/yadel/datasets/voxCeleb/pointsource_noises/noise-free-sound-0220.wav,wav,
aug_221,10.9275625,/scratch/yadel/datasets/voxCeleb/pointsource_noises/noise-free-sound-0221.wav,wav,
aug_222,1.2095625,/scratch/yadel/datasets/voxCeleb/pointsource_noises/noise-free-sound-0222.wav,wav,
aug_223,3.5869375,/scratch/yadel/datasets/voxCeleb/pointsource_noises/noise-free-sound-0223.wav,wav,
aug_224,12.8044375,/scratch/yadel/datasets/voxCeleb/pointsource_noises/noise-free-sound-0224.wav,wav,
aug_225,12.452,/scratch/yadel/datasets/voxCeleb/pointsource_noises/noise-free-sound-0225.wav,wav,
aug_226,26.1973125,/scratch/yadel/datasets/voxCeleb/pointsource_noises/noise-free-sound-0226.wav,wav,
aug_227,31.1654375,/scratch/yadel/datasets/voxCeleb/pointsource_noises/noise-free-sound-0227.wav,wav,
aug_228,16.6486875,/scratch/yadel/datasets/voxCeleb/pointsource_noises/noise-free-sound-0228.wav,wav,
aug_229,5.3339375,/scratch/yadel/datasets/voxCeleb/pointsource_noises/noise-free-sound-0229.wav,wav,
aug_230,41.592,/scratch/yadel/datasets/voxCeleb/pointsource_noises/noise-free-sound-0230.wav,wav,
aug_231,22.33075,/scratch/yadel/datasets/voxCeleb/pointsource_noises/noise-free-sound-0231.wav,wav,
aug_232,44.2890625,/scratch/yadel/datasets/voxCeleb/pointsource_noises/noise-free-sound-0232.wav,wav,
aug_233,44.3495,/scratch/yadel/datasets/voxCeleb/pointsource_noises/noise-free-sound-0233.wav,wav,
aug_234,75.0171875,/scratch/yadel/datasets/voxCeleb/pointsource_noises/noise-free-sound-0234.wav,wav,
aug_235,200.7829375,/scratch/yadel/datasets/voxCeleb/pointsource_noises/noise-free-sound-0235.wav,wav,
aug_236,5.5640625,/scratch/yadel/datasets/voxCeleb/pointsource_noises/noise-free-sound-0236.wav,wav,
aug_237,5.302875,/scratch/yadel/datasets/voxCeleb/pointsource_noises/noise-free-sound-0237.wav,wav,
aug_238,13.944,/scratch/yadel/datasets/voxCeleb/pointsource_noises/noise-free-sound-0238.wav,wav,
aug_239,37.50525,/scratch/yadel/datasets/voxCeleb/pointsource_noises/noise-free-sound-0239.wav,wav,
aug_240,26.2261875,/scratch/yadel/datasets/voxCeleb/pointsource_noises/noise-free-sound-0240.wav,wav,
aug_241,52.6185,/scratch/yadel/datasets/voxCeleb/pointsource_noises/noise-free-sound-0241.wav,wav,
aug_242,23.0038125,/scratch/yadel/datasets/voxCeleb/pointsource_noises/noise-free-sound-0242.wav,wav,
aug_243,90.0005625,/scratch/yadel/datasets/voxCeleb/pointsource_noises/noise-free-sound-0243.wav,wav,
aug_244,118.8401875,/scratch/yadel/datasets/voxCeleb/pointsource_noises/noise-free-sound-0244.wav,wav,
aug_245,29.562875,/scratch/yadel/datasets/voxCeleb/pointsource_noises/noise-free-sound-0245.wav,wav,
aug_246,24.7246875,/scratch/yadel/datasets/voxCeleb/pointsource_noises/noise-free-sound-0246.wav,wav,
aug_247,77.7345625,/scratch/yadel/datasets/voxCeleb/pointsource_noises/noise-free-sound-0247.wav,wav,
aug_248,60.30275,/scratch/yadel/datasets/voxCeleb/pointsource_noises/noise-free-sound-0248.wav,wav,
aug_249,40.684625,/scratch/yadel/datasets/voxCeleb/pointsource_noises/noise-free-sound-0249.wav,wav,
aug_250,8.6204375,/scratch/yadel/datasets/voxCeleb/pointsource_noises/noise-free-sound-0250.wav,wav,
aug_251,31.973875,/scratch/yadel/datasets/voxCeleb/pointsource_noises/noise-free-sound-0251.wav,wav,
aug_252,20.9501875,/scratch/yadel/datasets/voxCeleb/pointsource_noises/noise-free-sound-0252.wav,wav,
aug_253,0.9750625,/scratch/yadel/datasets/voxCeleb/pointsource_noises/noise-free-sound-0253.wav,wav,
aug_254,64.142125,/scratch/yadel/datasets/voxCeleb/pointsource_noises/noise-free-sound-0254.wav,wav,
aug_255,5.5375,/scratch/yadel/datasets/voxCeleb/pointsource_noises/noise-free-sound-0255.wav,wav,
aug_256,37.5069375,/scratch/yadel/datasets/voxCeleb/pointsource_noises/noise-free-sound-0256.wav,wav,
aug_257,5.0,/scratch/yadel/datasets/voxCeleb/pointsource_noises/noise-free-sound-0257.wav,wav,
aug_258,25.7580625,/scratch/yadel/datasets/voxCeleb/pointsource_noises/noise-free-sound-0258.wav,wav,
aug_259,14.7069375,/scratch/yadel/datasets/voxCeleb/pointsource_noises/noise-free-sound-0259.wav,wav,
aug_260,14.4,/scratch/yadel/datasets/voxCeleb/pointsource_noises/noise-free-sound-0260.wav,wav,
aug_261,88.0,/scratch/yadel/datasets/voxCeleb/pointsource_noises/noise-free-sound-0261.wav,wav,
aug_262,35.0301875,/scratch/yadel/datasets/voxCeleb/pointsource_noises/noise-free-sound-0262.wav,wav,
aug_263,0.9043125,/scratch/yadel/datasets/voxCeleb/pointsource_noises/noise-free-sound-0263.wav,wav,
aug_264,29.631375,/scratch/yadel/datasets/voxCeleb/pointsource_noises/noise-free-sound-0264.wav,wav,
aug_265,1.3325625,/scratch/yadel/datasets/voxCeleb/pointsource_noises/noise-free-sound-0265.wav,wav,
aug_266,34.674625,/scratch/yadel/datasets/voxCeleb/pointsource_noises/noise-free-sound-0266.wav,wav,
aug_267,36.1389375,/scratch/yadel/datasets/voxCeleb/pointsource_noises/noise-free-sound-0267.wav,wav,
aug_268,22.710875,/scratch/yadel/datasets/voxCeleb/pointsource_noises/noise-free-sound-0268.wav,wav,
aug_269,49.125125,/scratch/yadel/datasets/voxCeleb/pointsource_noises/noise-free-sound-0269.wav,wav,
aug_270,398.0610625,/scratch/yadel/datasets/voxCeleb/pointsource_noises/noise-free-sound-0270.wav,wav,
aug_271,29.6983125,/scratch/yadel/datasets/voxCeleb/pointsource_noises/noise-free-sound-0271.wav,wav,
aug_272,41.058125,/scratch/yadel/datasets/voxCeleb/pointsource_noises/noise-free-sound-0272.wav,wav,
aug_273,10.6433125,/scratch/yadel/datasets/voxCeleb/pointsource_noises/noise-free-sound-0273.wav,wav,
aug_274,3.96775,/scratch/yadel/datasets/voxCeleb/pointsource_noises/noise-free-sound-0274.wav,wav,
aug_275,12.096,/scratch/yadel/datasets/voxCeleb/pointsource_noises/noise-free-sound-0275.wav,wav,
aug_276,2.8715,/scratch/yadel/datasets/voxCeleb/pointsource_noises/noise-free-sound-0276.wav,wav,
aug_277,5.705125,/scratch/yadel/datasets/voxCeleb/pointsource_noises/noise-free-sound-0277.wav,wav,
aug_278,37.59825,/scratch/yadel/datasets/voxCeleb/pointsource_noises/noise-free-sound-0278.wav,wav,
aug_279,17.3333125,/scratch/yadel/datasets/voxCeleb/pointsource_noises/noise-free-sound-0279.wav,wav,
aug_280,62.10325,/scratch/yadel/datasets/voxCeleb/pointsource_noises/noise-free-sound-0280.wav,wav,
aug_281,0.1,/scratch/yadel/datasets/voxCeleb/pointsource_noises/noise-free-sound-0281.wav,wav,
aug_282,37.72675,/scratch/yadel/datasets/voxCeleb/pointsource_noises/noise-free-sound-0282.wav,wav,
aug_283,22.9636875,/scratch/yadel/datasets/voxCeleb/pointsource_noises/noise-free-sound-0283.wav,wav,
aug_284,2.786,/scratch/yadel/datasets/voxCeleb/pointsource_noises/noise-free-sound-0284.wav,wav,
aug_285,4.0925,/scratch/yadel/datasets/voxCeleb/pointsource_noises/noise-free-sound-0285.wav,wav,
aug_286,9.5603125,/scratch/yadel/datasets/voxCeleb/pointsource_noises/noise-free-sound-0286.wav,wav,
aug_287,60.6563125,/scratch/yadel/datasets/voxCeleb/pointsource_noises/noise-free-sound-0287.wav,wav,
aug_288,59.688,/scratch/yadel/datasets/voxCeleb/pointsource_noises/noise-free-sound-0288.wav,wav,
aug_289,22.2821875,/scratch/yadel/datasets/voxCeleb/pointsource_noises/noise-free-sound-0289.wav,wav,
aug_290,44.304,/scratch/yadel/datasets/voxCeleb/pointsource_noises/noise-free-sound-0290.wav,wav,
aug_291,9.090625,/scratch/yadel/datasets/voxCeleb/pointsource_noises/noise-free-sound-0291.wav,wav,
aug_292,17.97225,/scratch/yadel/datasets/voxCeleb/pointsource_noises/noise-free-sound-0292.wav,wav,
aug_293,43.0381875,/scratch/yadel/datasets/voxCeleb/pointsource_noises/noise-free-sound-0293.wav,wav,
aug_294,6.5875,/scratch/yadel/datasets/voxCeleb/pointsource_noises/noise-free-sound-0294.wav,wav,
aug_295,6.8963125,/scratch/yadel/datasets/voxCeleb/pointsource_noises/noise-free-sound-0295.wav,wav,
aug_296,1.8616875,/scratch/yadel/datasets/voxCeleb/pointsource_noises/noise-free-sound-0296.wav,wav,
aug_297,1.799,/scratch/yadel/datasets/voxCeleb/pointsource_noises/noise-free-sound-0297.wav,wav,
aug_298,32.0,/scratch/yadel/datasets/voxCeleb/pointsource_noises/noise-free-sound-0298.wav,wav,
aug_299,0.212625,/scratch/yadel/datasets/voxCeleb/pointsource_noises/noise-free-sound-0299.wav,wav,
aug_300,6.112625,/scratch/yadel/datasets/voxCeleb/pointsource_noises/noise-free-sound-0300.wav,wav,
aug_301,180.9495625,/scratch/yadel/datasets/voxCeleb/pointsource_noises/noise-free-sound-0301.wav,wav,
aug_302,17.914125,/scratch/yadel/datasets/voxCeleb/pointsource_noises/noise-free-sound-0302.wav,wav,
aug_303,8.1955,/scratch/yadel/datasets/voxCeleb/pointsource_noises/noise-free-sound-0303.wav,wav,
aug_304,62.0408125,/scratch/yadel/datasets/voxCeleb/pointsource_noises/noise-free-sound-0304.wav,wav,
aug_305,29.5,/scratch/yadel/datasets/voxCeleb/pointsource_noises/noise-free-sound-0305.wav,wav,
aug_306,24.5,/scratch/yadel/datasets/voxCeleb/pointsource_noises/noise-free-sound-0306.wav,wav,
aug_307,10.704,/scratch/yadel/datasets/voxCeleb/pointsource_noises/noise-free-sound-0307.wav,wav,
aug_308,58.28175,/scratch/yadel/datasets/voxCeleb/pointsource_noises/noise-free-sound-0308.wav,wav,
aug_309,3.3729375,/scratch/yadel/datasets/voxCeleb/pointsource_noises/noise-free-sound-0309.wav,wav,
aug_310,22.03575,/scratch/yadel/datasets/voxCeleb/pointsource_noises/noise-free-sound-0310.wav,wav,
aug_311,13.746375,/scratch/yadel/datasets/voxCeleb/pointsource_noises/noise-free-sound-0311.wav,wav,
aug_312,1.513,/scratch/yadel/datasets/voxCeleb/pointsource_noises/noise-free-sound-0312.wav,wav,
aug_313,2.7875,/scratch/yadel/datasets/voxCeleb/pointsource_noises/noise-free-sound-0313.wav,wav,
aug_314,0.6109375,/scratch/yadel/datasets/voxCeleb/pointsource_noises/noise-free-sound-0314.wav,wav,
aug_315,2.7838125,/scratch/yadel/datasets/voxCeleb/pointsource_noises/noise-free-sound-0315.wav,wav,
aug_316,11.1455625,/scratch/yadel/datasets/voxCeleb/pointsource_noises/noise-free-sound-0316.wav,wav,
aug_317,7.256875,/scratch/yadel/datasets/voxCeleb/pointsource_noises/noise-free-sound-0317.wav,wav,
aug_318,0.40925,/scratch/yadel/datasets/voxCeleb/pointsource_noises/noise-free-sound-0318.wav,wav,
aug_319,1.515125,/scratch/yadel/datasets/voxCeleb/pointsource_noises/noise-free-sound-0319.wav,wav,
aug_320,6.7395625,/scratch/yadel/datasets/voxCeleb/pointsource_noises/noise-free-sound-0320.wav,wav,
aug_321,113.0,/scratch/yadel/datasets/voxCeleb/pointsource_noises/noise-free-sound-0321.wav,wav,
aug_322,31.0335,/scratch/yadel/datasets/voxCeleb/pointsource_noises/noise-free-sound-0322.wav,wav,
aug_323,10.73175,/scratch/yadel/datasets/voxCeleb/pointsource_noises/noise-free-sound-0323.wav,wav,
aug_324,36.2056875,/scratch/yadel/datasets/voxCeleb/pointsource_noises/noise-free-sound-0324.wav,wav,
aug_325,1.6456875,/scratch/yadel/datasets/voxCeleb/pointsource_noises/noise-free-sound-0325.wav,wav,
aug_326,16.0775,/scratch/yadel/datasets/voxCeleb/pointsource_noises/noise-free-sound-0326.wav,wav,
aug_327,5.1596875,/scratch/yadel/datasets/voxCeleb/pointsource_noises/noise-free-sound-0327.wav,wav,
aug_328,0.7181875,/scratch/yadel/datasets/voxCeleb/pointsource_noises/noise-free-sound-0328.wav,wav,
aug_329,9.69225,/scratch/yadel/datasets/voxCeleb/pointsource_noises/noise-free-sound-0329.wav,wav,
aug_330,8.4288125,/scratch/yadel/datasets/voxCeleb/pointsource_noises/noise-free-sound-0330.wav,wav,
aug_331,6.375,/scratch/yadel/datasets/voxCeleb/pointsource_noises/noise-free-sound-0331.wav,wav,
aug_332,3.625,/scratch/yadel/datasets/voxCeleb/pointsource_noises/noise-free-sound-0332.wav,wav,
aug_333,15.6735,/scratch/yadel/datasets/voxCeleb/pointsource_noises/noise-free-sound-0333.wav,wav,
aug_334,178.1493125,/scratch/yadel/datasets/voxCeleb/pointsource_noises/noise-free-sound-0334.wav,wav,
aug_335,34.0375625,/scratch/yadel/datasets/voxCeleb/pointsource_noises/noise-free-sound-0335.wav,wav,
aug_336,48.08275,/scratch/yadel/datasets/voxCeleb/pointsource_noises/noise-free-sound-0336.wav,wav,
aug_337,1.4255,/scratch/yadel/datasets/voxCeleb/pointsource_noises/noise-free-sound-0337.wav,wav,
aug_338,9.24,/scratch/yadel/datasets/voxCeleb/pointsource_noises/noise-free-sound-0338.wav,wav,
aug_339,20.328,/scratch/yadel/datasets/voxCeleb/pointsource_noises/noise-free-sound-0339.wav,wav,
aug_340,33.672,/scratch/yadel/datasets/voxCeleb/pointsource_noises/noise-free-sound-0340.wav,wav,
aug_341,23.071875,/scratch/yadel/datasets/voxCeleb/pointsource_noises/noise-free-sound-0341.wav,wav,
aug_342,13.806,/scratch/yadel/datasets/voxCeleb/pointsource_noises/noise-free-sound-0342.wav,wav,
aug_343,2.809625,/scratch/yadel/datasets/voxCeleb/pointsource_noises/noise-free-sound-0343.wav,wav,
aug_344,20.544,/scratch/yadel/datasets/voxCeleb/pointsource_noises/noise-free-sound-0344.wav,wav,
aug_345,5.9024375,/scratch/yadel/datasets/voxCeleb/pointsource_noises/noise-free-sound-0345.wav,wav,
aug_346,18.5469375,/scratch/yadel/datasets/voxCeleb/pointsource_noises/noise-free-sound-0346.wav,wav,
aug_347,13.7801875,/scratch/yadel/datasets/voxCeleb/pointsource_noises/noise-free-sound-0347.wav,wav,
aug_348,50.1140625,/scratch/yadel/datasets/voxCeleb/pointsource_noises/noise-free-sound-0348.wav,wav,
aug_349,1.0,/scratch/yadel/datasets/voxCeleb/pointsource_noises/noise-free-sound-0349.wav,wav,
aug_350,9.0,/scratch/yadel/datasets/voxCeleb/pointsource_noises/noise-free-sound-0350.wav,wav,
aug_351,4.968,/scratch/yadel/datasets/voxCeleb/pointsource_noises/noise-free-sound-0351.wav,wav,
aug_352,10.0,/scratch/yadel/datasets/voxCeleb/pointsource_noises/noise-free-sound-0352.wav,wav,
aug_353,26.0963125,/scratch/yadel/datasets/voxCeleb/pointsource_noises/noise-free-sound-0353.wav,wav,
aug_354,0.9999375,/scratch/yadel/datasets/voxCeleb/pointsource_noises/noise-free-sound-0354.wav,wav,
aug_355,14.664,/scratch/yadel/datasets/voxCeleb/pointsource_noises/noise-free-sound-0355.wav,wav,
aug_356,24.96,/scratch/yadel/datasets/voxCeleb/pointsource_noises/noise-free-sound-0356.wav,wav,
aug_357,8.1763125,/scratch/yadel/datasets/voxCeleb/pointsource_noises/noise-free-sound-0357.wav,wav,
aug_358,21.24625,/scratch/yadel/datasets/voxCeleb/pointsource_noises/noise-free-sound-0358.wav,wav,
aug_359,18.3078125,/scratch/yadel/datasets/voxCeleb/pointsource_noises/noise-free-sound-0359.wav,wav,
aug_360,13.89375,/scratch/yadel/datasets/voxCeleb/pointsource_noises/noise-free-sound-0360.wav,wav,
aug_361,7.7390625,/scratch/yadel/datasets/voxCeleb/pointsource_noises/noise-free-sound-0361.wav,wav,
aug_362,12.875,/scratch/yadel/datasets/voxCeleb/pointsource_noises/noise-free-sound-0362.wav,wav,
aug_363,4.721875,/scratch/yadel/datasets/voxCeleb/pointsource_noises/noise-free-sound-0363.wav,wav,
aug_364,11.8400625,/scratch/yadel/datasets/voxCeleb/pointsource_noises/noise-free-sound-0364.wav,wav,
aug_365,10.057125,/scratch/yadel/datasets/voxCeleb/pointsource_noises/noise-free-sound-0365.wav,wav,
aug_366,4.049,/scratch/yadel/datasets/voxCeleb/pointsource_noises/noise-free-sound-0366.wav,wav,
aug_367,1.044875,/scratch/yadel/datasets/voxCeleb/pointsource_noises/noise-free-sound-0367.wav,wav,
aug_368,1.6456875,/scratch/yadel/datasets/voxCeleb/pointsource_noises/noise-free-sound-0368.wav,wav,
aug_369,4.049,/scratch/yadel/datasets/voxCeleb/pointsource_noises/noise-free-sound-0369.wav,wav,
aug_370,72.2546875,/scratch/yadel/datasets/voxCeleb/pointsource_noises/noise-free-sound-0370.wav,wav,
aug_371,21.28,/scratch/yadel/datasets/voxCeleb/pointsource_noises/noise-free-sound-0371.wav,wav,
aug_372,22.88875,/scratch/yadel/datasets/voxCeleb/pointsource_noises/noise-free-sound-0372.wav,wav,
aug_373,3.234625,/scratch/yadel/datasets/voxCeleb/pointsource_noises/noise-free-sound-0373.wav,wav,
aug_374,0.7430625,/scratch/yadel/datasets/voxCeleb/pointsource_noises/noise-free-sound-0374.wav,wav,
aug_375,0.75,/scratch/yadel/datasets/voxCeleb/pointsource_noises/noise-free-sound-0375.wav,wav,
aug_376,5.0866875,/scratch/yadel/datasets/voxCeleb/pointsource_noises/noise-free-sound-0376.wav,wav,
aug_377,8.986125,/scratch/yadel/datasets/voxCeleb/pointsource_noises/noise-free-sound-0377.wav,wav,
aug_378,22.2824375,/scratch/yadel/datasets/voxCeleb/pointsource_noises/noise-free-sound-0378.wav,wav,
aug_379,6.9893125,/scratch/yadel/datasets/voxCeleb/pointsource_noises/noise-free-sound-0379.wav,wav,
aug_380,0.144,/scratch/yadel/datasets/voxCeleb/pointsource_noises/noise-free-sound-0380.wav,wav,
aug_381,44.2775625,/scratch/yadel/datasets/voxCeleb/pointsource_noises/noise-free-sound-0381.wav,wav,
aug_382,60.552,/scratch/yadel/datasets/voxCeleb/pointsource_noises/noise-free-sound-0382.wav,wav,
aug_383,32.904,/scratch/yadel/datasets/voxCeleb/pointsource_noises/noise-free-sound-0383.wav,wav,
aug_384,178.211375,/scratch/yadel/datasets/voxCeleb/pointsource_noises/noise-free-sound-0384.wav,wav,
aug_385,8.408375,/scratch/yadel/datasets/voxCeleb/pointsource_noises/noise-free-sound-0385.wav,wav,
aug_386,26.7350625,/scratch/yadel/datasets/voxCeleb/pointsource_noises/noise-free-sound-0386.wav,wav,
aug_387,5.96025,/scratch/yadel/datasets/voxCeleb/pointsource_noises/noise-free-sound-0387.wav,wav,
aug_388,4.382375,/scratch/yadel/datasets/voxCeleb/pointsource_noises/noise-free-sound-0388.wav,wav,
aug_389,13.7295,/scratch/yadel/datasets/voxCeleb/pointsource_noises/noise-free-sound-0389.wav,wav,
aug_390,15.7635,/scratch/yadel/datasets/voxCeleb/pointsource_noises/noise-free-sound-0390.wav,wav,
aug_391,23.391,/scratch/yadel/datasets/voxCeleb/pointsource_noises/noise-free-sound-0391.wav,wav,
aug_392,13.221,/scratch/yadel/datasets/voxCeleb/pointsource_noises/noise-free-sound-0392.wav,wav,
aug_393,5.5379375,/scratch/yadel/datasets/voxCeleb/pointsource_noises/noise-free-sound-0393.wav,wav,
aug_394,23.72,/scratch/yadel/datasets/voxCeleb/pointsource_noises/noise-free-sound-0394.wav,wav,
aug_395,7.73225,/scratch/yadel/datasets/voxCeleb/pointsource_noises/noise-free-sound-0395.wav,wav,
aug_396,9.7959375,/scratch/yadel/datasets/voxCeleb/pointsource_noises/noise-free-sound-0396.wav,wav,
aug_397,45.328,/scratch/yadel/datasets/voxCeleb/pointsource_noises/noise-free-sound-0397.wav,wav,
aug_398,44.8800625,/scratch/yadel/datasets/voxCeleb/pointsource_noises/noise-free-sound-0398.wav,wav,
aug_399,16.9025,/scratch/yadel/datasets/voxCeleb/pointsource_noises/noise-free-sound-0399.wav,wav,
aug_400,14.86075,/scratch/yadel/datasets/voxCeleb/pointsource_noises/noise-free-sound-0400.wav,wav,
aug_401,10.3515625,/scratch/yadel/datasets/voxCeleb/pointsource_noises/noise-free-sound-0401.wav,wav,
aug_402,29.6705625,/scratch/yadel/datasets/voxCeleb/pointsource_noises/noise-free-sound-0402.wav,wav,
aug_403,13.009,/scratch/yadel/datasets/voxCeleb/pointsource_noises/noise-free-sound-0403.wav,wav,
aug_404,19.040375,/scratch/yadel/datasets/voxCeleb/pointsource_noises/noise-free-sound-0404.wav,wav,
aug_405,2.306875,/scratch/yadel/datasets/voxCeleb/pointsource_noises/noise-free-sound-0405.wav,wav,
aug_406,19.8315,/scratch/yadel/datasets/voxCeleb/pointsource_noises/noise-free-sound-0406.wav,wav,
aug_407,2.9594375,/scratch/yadel/datasets/voxCeleb/pointsource_noises/noise-free-sound-0407.wav,wav,
aug_408,15.0,/scratch/yadel/datasets/voxCeleb/pointsource_noises/noise-free-sound-0408.wav,wav,
aug_409,8.6186875,/scratch/yadel/datasets/voxCeleb/pointsource_noises/noise-free-sound-0409.wav,wav,
aug_410,1.1808125,/scratch/yadel/datasets/voxCeleb/pointsource_noises/noise-free-sound-0410.wav,wav,
aug_411,2.3625625,/scratch/yadel/datasets/voxCeleb/pointsource_noises/noise-free-sound-0411.wav,wav,
aug_412,2.624875,/scratch/yadel/datasets/voxCeleb/pointsource_noises/noise-free-sound-0412.wav,wav,
aug_413,21.995125,/scratch/yadel/datasets/voxCeleb/pointsource_noises/noise-free-sound-0413.wav,wav,
aug_414,28.3785,/scratch/yadel/datasets/voxCeleb/pointsource_noises/noise-free-sound-0414.wav,wav,
aug_415,6.624,/scratch/yadel/datasets/voxCeleb/pointsource_noises/noise-free-sound-0415.wav,wav,
aug_416,14.9700625,/scratch/yadel/datasets/voxCeleb/pointsource_noises/noise-free-sound-0416.wav,wav,
aug_417,10.1516875,/scratch/yadel/datasets/voxCeleb/pointsource_noises/noise-free-sound-0417.wav,wav,
aug_418,40.99575,/scratch/yadel/datasets/voxCeleb/pointsource_noises/noise-free-sound-0418.wav,wav,
aug_419,11.9901875,/scratch/yadel/datasets/voxCeleb/pointsource_noises/noise-free-sound-0419.wav,wav,
aug_420,0.8214375,/scratch/yadel/datasets/voxCeleb/pointsource_noises/noise-free-sound-0420.wav,wav,
aug_421,3.3698125,/scratch/yadel/datasets/voxCeleb/pointsource_noises/noise-free-sound-0421.wav,wav,
aug_422,9.1626875,/scratch/yadel/datasets/voxCeleb/pointsource_noises/noise-free-sound-0422.wav,wav,
aug_423,12.25,/scratch/yadel/datasets/voxCeleb/pointsource_noises/noise-free-sound-0423.wav,wav,
aug_424,16.666125,/scratch/yadel/datasets/voxCeleb/pointsource_noises/noise-free-sound-0424.wav,wav,
aug_425,1.410625,/scratch/yadel/datasets/voxCeleb/pointsource_noises/noise-free-sound-0425.wav,wav,
aug_426,3.89225,/scratch/yadel/datasets/voxCeleb/pointsource_noises/noise-free-sound-0426.wav,wav,
aug_427,21.995125,/scratch/yadel/datasets/voxCeleb/pointsource_noises/noise-free-sound-0427.wav,wav,
aug_428,18.622375,/scratch/yadel/datasets/voxCeleb/pointsource_noises/noise-free-sound-0428.wav,wav,
aug_429,24.0,/scratch/yadel/datasets/voxCeleb/pointsource_noises/noise-free-sound-0429.wav,wav,
aug_430,67.2,/scratch/yadel/datasets/voxCeleb/pointsource_noises/noise-free-sound-0430.wav,wav,
aug_431,22.9355,/scratch/yadel/datasets/voxCeleb/pointsource_noises/noise-free-sound-0431.wav,wav,
aug_432,22.2540625,/scratch/yadel/datasets/voxCeleb/pointsource_noises/noise-free-sound-0432.wav,wav,
aug_433,42.2370625,/scratch/yadel/datasets/voxCeleb/pointsource_noises/noise-free-sound-0433.wav,wav,
aug_434,21.528,/scratch/yadel/datasets/voxCeleb/pointsource_noises/noise-free-sound-0434.wav,wav,
aug_435,5.27675,/scratch/yadel/datasets/voxCeleb/pointsource_noises/noise-free-sound-0435.wav,wav,
aug_436,51.2120625,/scratch/yadel/datasets/voxCeleb/pointsource_noises/noise-free-sound-0436.wav,wav,
aug_437,1.19,/scratch/yadel/datasets/voxCeleb/pointsource_noises/noise-free-sound-0437.wav,wav,
aug_438,7.52325,/scratch/yadel/datasets/voxCeleb/pointsource_noises/noise-free-sound-0438.wav,wav,
aug_439,30.7875625,/scratch/yadel/datasets/voxCeleb/pointsource_noises/noise-free-sound-0439.wav,wav,
aug_440,4.1883125,/scratch/yadel/datasets/voxCeleb/pointsource_noises/noise-free-sound-0440.wav,wav,
aug_441,45.568,/scratch/yadel/datasets/voxCeleb/pointsource_noises/noise-free-sound-0441.wav,wav,
aug_442,76.0721875,/scratch/yadel/datasets/voxCeleb/pointsource_noises/noise-free-sound-0442.wav,wav,
aug_443,42.24,/scratch/yadel/datasets/voxCeleb/pointsource_noises/noise-free-sound-0443.wav,wav,
aug_444,20.2478125,/scratch/yadel/datasets/voxCeleb/pointsource_noises/noise-free-sound-0444.wav,wav,
aug_445,18.3901875,/scratch/yadel/datasets/voxCeleb/pointsource_noises/noise-free-sound-0445.wav,wav,
aug_446,31.416,/scratch/yadel/datasets/voxCeleb/pointsource_noises/noise-free-sound-0446.wav,wav,
aug_447,28.5779375,/scratch/yadel/datasets/voxCeleb/pointsource_noises/noise-free-sound-0447.wav,wav,
aug_448,0.574,/scratch/yadel/datasets/voxCeleb/pointsource_noises/noise-free-sound-0448.wav,wav,
aug_449,4.7380625,/scratch/yadel/datasets/voxCeleb/pointsource_noises/noise-free-sound-0449.wav,wav,
aug_450,16.1713125,/scratch/yadel/datasets/voxCeleb/pointsource_noises/noise-free-sound-0450.wav,wav,
aug_451,44.04,/scratch/yadel/datasets/voxCeleb/pointsource_noises/noise-free-sound-0451.wav,wav,
aug_452,17.8445625,/scratch/yadel/datasets/voxCeleb/pointsource_noises/noise-free-sound-0452.wav,wav,
aug_453,0.9404375,/scratch/yadel/datasets/voxCeleb/pointsource_noises/noise-free-sound-0453.wav,wav,
aug_454,41.885,/scratch/yadel/datasets/voxCeleb/pointsource_noises/noise-free-sound-0454.wav,wav,
aug_455,168.2695,/scratch/yadel/datasets/voxCeleb/pointsource_noises/noise-free-sound-0455.wav,wav,
aug_456,28.96325,/scratch/yadel/datasets/voxCeleb/pointsource_noises/noise-free-sound-0456.wav,wav,
aug_457,44.3666875,/scratch/yadel/datasets/voxCeleb/pointsource_noises/noise-free-sound-0457.wav,wav,
aug_458,20.7055625,/scratch/yadel/datasets/voxCeleb/pointsource_noises/noise-free-sound-0458.wav,wav,
aug_459,40.3069375,/scratch/yadel/datasets/voxCeleb/pointsource_noises/noise-free-sound-0459.wav,wav,
aug_460,13.104,/scratch/yadel/datasets/voxCeleb/pointsource_noises/noise-free-sound-0460.wav,wav,
aug_461,53.3406875,/scratch/yadel/datasets/voxCeleb/pointsource_noises/noise-free-sound-0461.wav,wav,
aug_462,18.76375,/scratch/yadel/datasets/voxCeleb/pointsource_noises/noise-free-sound-0462.wav,wav,
aug_463,15.1105625,/scratch/yadel/datasets/voxCeleb/pointsource_noises/noise-free-sound-0463.wav,wav,
aug_464,8.0831875,/scratch/yadel/datasets/voxCeleb/pointsource_noises/noise-free-sound-0464.wav,wav,
aug_465,9.007375,/scratch/yadel/datasets/voxCeleb/pointsource_noises/noise-free-sound-0465.wav,wav,
aug_466,13.9530625,/scratch/yadel/datasets/voxCeleb/pointsource_noises/noise-free-sound-0466.wav,wav,
aug_467,14.1738125,/scratch/yadel/datasets/voxCeleb/pointsource_noises/noise-free-sound-0467.wav,wav,
aug_468,23.12375,/scratch/yadel/datasets/voxCeleb/pointsource_noises/noise-free-sound-0468.wav,wav,
aug_469,10.7805,/scratch/yadel/datasets/voxCeleb/pointsource_noises/noise-free-sound-0469.wav,wav,
aug_470,4.757375,/scratch/yadel/datasets/voxCeleb/pointsource_noises/noise-free-sound-0470.wav,wav,
aug_471,7.915125,/scratch/yadel/datasets/voxCeleb/pointsource_noises/noise-free-sound-0471.wav,wav,
aug_472,94.0,/scratch/yadel/datasets/voxCeleb/pointsource_noises/noise-free-sound-0472.wav,wav,
aug_473,9.11675,/scratch/yadel/datasets/voxCeleb/pointsource_noises/noise-free-sound-0473.wav,wav,
aug_474,35.935,/scratch/yadel/datasets/voxCeleb/pointsource_noises/noise-free-sound-0474.wav,wav,
aug_475,36.3624375,/scratch/yadel/datasets/voxCeleb/pointsource_noises/noise-free-sound-0475.wav,wav,
aug_476,9.5608125,/scratch/yadel/datasets/voxCeleb/pointsource_noises/noise-free-sound-0476.wav,wav,
aug_477,15.124875,/scratch/yadel/datasets/voxCeleb/pointsource_noises/noise-free-sound-0477.wav,wav,
aug_478,8.5195,/scratch/yadel/datasets/voxCeleb/pointsource_noises/noise-free-sound-0478.wav,wav,
aug_479,3.715625,/scratch/yadel/datasets/voxCeleb/pointsource_noises/noise-free-sound-0479.wav,wav,
aug_480,35.2898125,/scratch/yadel/datasets/voxCeleb/pointsource_noises/noise-free-sound-0480.wav,wav,
aug_481,7.907875,/scratch/yadel/datasets/voxCeleb/pointsource_noises/noise-free-sound-0481.wav,wav,
aug_482,13.5314375,/scratch/yadel/datasets/voxCeleb/pointsource_noises/noise-free-sound-0482.wav,wav,
aug_483,22.5959375,/scratch/yadel/datasets/voxCeleb/pointsource_noises/noise-free-sound-0483.wav,wav,
aug_484,10.6318125,/scratch/yadel/datasets/voxCeleb/pointsource_noises/noise-free-sound-0484.wav,wav,
aug_485,10.8930625,/scratch/yadel/datasets/voxCeleb/pointsource_noises/noise-free-sound-0485.wav,wav,
aug_486,6.4098125,/scratch/yadel/datasets/voxCeleb/pointsource_noises/noise-free-sound-0486.wav,wav,
aug_487,1.9301875,/scratch/yadel/datasets/voxCeleb/pointsource_noises/noise-free-sound-0487.wav,wav,
aug_488,5.656875,/scratch/yadel/datasets/voxCeleb/pointsource_noises/noise-free-sound-0488.wav,wav,
aug_489,62.8613125,/scratch/yadel/datasets/voxCeleb/pointsource_noises/noise-free-sound-0489.wav,wav,
aug_490,12.9799375,/scratch/yadel/datasets/voxCeleb/pointsource_noises/noise-free-sound-0490.wav,wav,
aug_491,1.544125,/scratch/yadel/datasets/voxCeleb/pointsource_noises/noise-free-sound-0491.wav,wav,
aug_492,20.0,/scratch/yadel/datasets/voxCeleb/pointsource_noises/noise-free-sound-0492.wav,wav,
aug_493,14.02775,/scratch/yadel/datasets/voxCeleb/pointsource_noises/noise-free-sound-0493.wav,wav,
aug_494,56.05875,/scratch/yadel/datasets/voxCeleb/pointsource_noises/noise-free-sound-0494.wav,wav,
aug_495,18.2066875,/scratch/yadel/datasets/voxCeleb/pointsource_noises/noise-free-sound-0495.wav,wav,
aug_496,5.97325,/scratch/yadel/datasets/voxCeleb/pointsource_noises/noise-free-sound-0496.wav,wav,
aug_497,302.0,/scratch/yadel/datasets/voxCeleb/pointsource_noises/noise-free-sound-0497.wav,wav,
aug_498,5.0,/scratch/yadel/datasets/voxCeleb/pointsource_noises/noise-free-sound-0498.wav,wav,
aug_499,7.889,/scratch/yadel/datasets/voxCeleb/pointsource_noises/noise-free-sound-0499.wav,wav,
aug_500,34.374875,/scratch/yadel/datasets/voxCeleb/pointsource_noises/noise-free-sound-0500.wav,wav,
aug_501,12.0079375,/scratch/yadel/datasets/voxCeleb/pointsource_noises/noise-free-sound-0501.wav,wav,
aug_502,73.2,/scratch/yadel/datasets/voxCeleb/pointsource_noises/noise-free-sound-0502.wav,wav,
aug_503,5.0648125,/scratch/yadel/datasets/voxCeleb/pointsource_noises/noise-free-sound-0503.wav,wav,
aug_504,58.0034375,/scratch/yadel/datasets/voxCeleb/pointsource_noises/noise-free-sound-0504.wav,wav,
aug_505,9.373875,/scratch/yadel/datasets/voxCeleb/pointsource_noises/noise-free-sound-0505.wav,wav,
aug_506,24.58125,/scratch/yadel/datasets/voxCeleb/pointsource_noises/noise-free-sound-0506.wav,wav,
aug_507,1.1199375,/scratch/yadel/datasets/voxCeleb/pointsource_noises/noise-free-sound-0507.wav,wav,
aug_508,7.319875,/scratch/yadel/datasets/voxCeleb/pointsource_noises/noise-free-sound-0508.wav,wav,
aug_509,10.79725,/scratch/yadel/datasets/voxCeleb/pointsource_noises/noise-free-sound-0509.wav,wav,
aug_510,19.845125,/scratch/yadel/datasets/voxCeleb/pointsource_noises/noise-free-sound-0510.wav,wav,
aug_511,4.0,/scratch/yadel/datasets/voxCeleb/pointsource_noises/noise-free-sound-0511.wav,wav,
aug_512,3.78775,/scratch/yadel/datasets/voxCeleb/pointsource_noises/noise-free-sound-0512.wav,wav,
aug_513,10.7885625,/scratch/yadel/datasets/voxCeleb/pointsource_noises/noise-free-sound-0513.wav,wav,
aug_514,5.329,/scratch/yadel/datasets/voxCeleb/pointsource_noises/noise-free-sound-0514.wav,wav,
aug_515,4.075125,/scratch/yadel/datasets/voxCeleb/pointsource_noises/noise-free-sound-0515.wav,wav,
aug_516,1.0991875,/scratch/yadel/datasets/voxCeleb/pointsource_noises/noise-free-sound-0516.wav,wav,
aug_517,9.962,/scratch/yadel/datasets/voxCeleb/pointsource_noises/noise-free-sound-0517.wav,wav,
aug_518,18.7820625,/scratch/yadel/datasets/voxCeleb/pointsource_noises/noise-free-sound-0518.wav,wav,
aug_519,33.5935,/scratch/yadel/datasets/voxCeleb/pointsource_noises/noise-free-sound-0519.wav,wav,
aug_520,12.5,/scratch/yadel/datasets/voxCeleb/pointsource_noises/noise-free-sound-0520.wav,wav,
aug_521,7.0008125,/scratch/yadel/datasets/voxCeleb/pointsource_noises/noise-free-sound-0521.wav,wav,
aug_522,79.2853125,/scratch/yadel/datasets/voxCeleb/pointsource_noises/noise-free-sound-0522.wav,wav,
aug_523,8.424,/scratch/yadel/datasets/voxCeleb/pointsource_noises/noise-free-sound-0523.wav,wav,
aug_524,22.6495,/scratch/yadel/datasets/voxCeleb/pointsource_noises/noise-free-sound-0524.wav,wav,
aug_525,0.9583125,/scratch/yadel/datasets/voxCeleb/pointsource_noises/noise-free-sound-0525.wav,wav,
aug_526,1.4186875,/scratch/yadel/datasets/voxCeleb/pointsource_noises/noise-free-sound-0526.wav,wav,
aug_527,9.3093125,/scratch/yadel/datasets/voxCeleb/pointsource_noises/noise-free-sound-0527.wav,wav,
aug_528,3.06975,/scratch/yadel/datasets/voxCeleb/pointsource_noises/noise-free-sound-0528.wav,wav,
aug_529,1.8594375,/scratch/yadel/datasets/voxCeleb/pointsource_noises/noise-free-sound-0529.wav,wav,
aug_530,7.7573125,/scratch/yadel/datasets/voxCeleb/pointsource_noises/noise-free-sound-0530.wav,wav,
aug_531,46.7388125,/scratch/yadel/datasets/voxCeleb/pointsource_noises/noise-free-sound-0531.wav,wav,
aug_532,6.0,/scratch/yadel/datasets/voxCeleb/pointsource_noises/noise-free-sound-0532.wav,wav,
aug_533,37.91875,/scratch/yadel/datasets/voxCeleb/pointsource_noises/noise-free-sound-0533.wav,wav,
aug_534,17.477625,/scratch/yadel/datasets/voxCeleb/pointsource_noises/noise-free-sound-0534.wav,wav,
aug_535,18.137625,/scratch/yadel/datasets/voxCeleb/pointsource_noises/noise-free-sound-0535.wav,wav,
aug_536,0.69275,/scratch/yadel/datasets/voxCeleb/pointsource_noises/noise-free-sound-0536.wav,wav,
aug_537,12.1733125,/scratch/yadel/datasets/voxCeleb/pointsource_noises/noise-free-sound-0537.wav,wav,
aug_538,0.5738125,/scratch/yadel/datasets/voxCeleb/pointsource_noises/noise-free-sound-0538.wav,wav,
aug_539,1.515125,/scratch/yadel/datasets/voxCeleb/pointsource_noises/noise-free-sound-0539.wav,wav,
aug_540,3.0040625,/scratch/yadel/datasets/voxCeleb/pointsource_noises/noise-free-sound-0540.wav,wav,
aug_541,16.37875,/scratch/yadel/datasets/voxCeleb/pointsource_noises/noise-free-sound-0541.wav,wav,
aug_542,8.224,/scratch/yadel/datasets/voxCeleb/pointsource_noises/noise-free-sound-0542.wav,wav,
aug_543,4.356,/scratch/yadel/datasets/voxCeleb/pointsource_noises/noise-free-sound-0543.wav,wav,
aug_544,107.064,/scratch/yadel/datasets/voxCeleb/pointsource_noises/noise-free-sound-0544.wav,wav,
aug_545,31.07325,/scratch/yadel/datasets/voxCeleb/pointsource_noises/noise-free-sound-0545.wav,wav,
aug_546,117.6240625,/scratch/yadel/datasets/voxCeleb/pointsource_noises/noise-free-sound-0546.wav,wav,
aug_547,4.848875,/scratch/yadel/datasets/voxCeleb/pointsource_noises/noise-free-sound-0547.wav,wav,
aug_548,8.2024375,/scratch/yadel/datasets/voxCeleb/pointsource_noises/noise-free-sound-0548.wav,wav,
aug_549,5.832,/scratch/yadel/datasets/voxCeleb/pointsource_noises/noise-free-sound-0549.wav,wav,
aug_550,6.373875,/scratch/yadel/datasets/voxCeleb/pointsource_noises/noise-free-sound-0550.wav,wav,
aug_551,33.18525,/scratch/yadel/datasets/voxCeleb/pointsource_noises/noise-free-sound-0551.wav,wav,
aug_552,77.736,/scratch/yadel/datasets/voxCeleb/pointsource_noises/noise-free-sound-0552.wav,wav,
aug_553,16.431,/scratch/yadel/datasets/voxCeleb/pointsource_noises/noise-free-sound-0553.wav,wav,
aug_554,0.7836875,/scratch/yadel/datasets/voxCeleb/pointsource_noises/noise-free-sound-0554.wav,wav,
aug_555,21.577125,/scratch/yadel/datasets/voxCeleb/pointsource_noises/noise-free-sound-0555.wav,wav,
aug_556,19.9053125,/scratch/yadel/datasets/voxCeleb/pointsource_noises/noise-free-sound-0556.wav,wav,
aug_557,9.11675,/scratch/yadel/datasets/voxCeleb/pointsource_noises/noise-free-sound-0557.wav,wav,
aug_558,8.38575,/scratch/yadel/datasets/voxCeleb/pointsource_noises/noise-free-sound-0558.wav,wav,
aug_559,14.204625,/scratch/yadel/datasets/voxCeleb/pointsource_noises/noise-free-sound-0559.wav,wav,
aug_560,269.544,/scratch/yadel/datasets/voxCeleb/pointsource_noises/noise-free-sound-0560.wav,wav,
aug_561,1.1755,/scratch/yadel/datasets/voxCeleb/pointsource_noises/noise-free-sound-0561.wav,wav,
aug_562,9.0645,/scratch/yadel/datasets/voxCeleb/pointsource_noises/noise-free-sound-0562.wav,wav,
aug_563,24.331875,/scratch/yadel/datasets/voxCeleb/pointsource_noises/noise-free-sound-0563.wav,wav,
aug_564,0.1035625,/scratch/yadel/datasets/voxCeleb/pointsource_noises/noise-free-sound-0564.wav,wav,
aug_565,7.429375,/scratch/yadel/datasets/voxCeleb/pointsource_noises/noise-free-sound-0565.wav,wav,
aug_566,6.1883125,/scratch/yadel/datasets/voxCeleb/pointsource_noises/noise-free-sound-0566.wav,wav,
aug_567,98.88,/scratch/yadel/datasets/voxCeleb/pointsource_noises/noise-free-sound-0567.wav,wav,
aug_568,113.6384375,/scratch/yadel/datasets/voxCeleb/pointsource_noises/noise-free-sound-0568.wav,wav,
aug_569,3.84,/scratch/yadel/datasets/voxCeleb/pointsource_noises/noise-free-sound-0569.wav,wav,
aug_570,6.373875,/scratch/yadel/datasets/voxCeleb/pointsource_noises/noise-free-sound-0570.wav,wav,
aug_571,7.1314375,/scratch/yadel/datasets/voxCeleb/pointsource_noises/noise-free-sound-0571.wav,wav,
aug_572,123.4285625,/scratch/yadel/datasets/voxCeleb/pointsource_noises/noise-free-sound-0572.wav,wav,
aug_573,0.391,/scratch/yadel/datasets/voxCeleb/pointsource_noises/noise-free-sound-0573.wav,wav,
aug_574,20.8456875,/scratch/yadel/datasets/voxCeleb/pointsource_noises/noise-free-sound-0574.wav,wav,
aug_575,6.635125,/scratch/yadel/datasets/voxCeleb/pointsource_noises/noise-free-sound-0575.wav,wav,
aug_576,3.732625,/scratch/yadel/datasets/voxCeleb/pointsource_noises/noise-free-sound-0576.wav,wav,
aug_577,13.4530625,/scratch/yadel/datasets/voxCeleb/pointsource_noises/noise-free-sound-0577.wav,wav,
aug_578,19.35675,/scratch/yadel/datasets/voxCeleb/pointsource_noises/noise-free-sound-0578.wav,wav,
aug_579,17.2660625,/scratch/yadel/datasets/voxCeleb/pointsource_noises/noise-free-sound-0579.wav,wav,
aug_580,135.68,/scratch/yadel/datasets/voxCeleb/pointsource_noises/noise-free-sound-0580.wav,wav,
aug_581,51.4863125,/scratch/yadel/datasets/voxCeleb/pointsource_noises/noise-free-sound-0581.wav,wav,
aug_582,1.4744375,/scratch/yadel/datasets/voxCeleb/pointsource_noises/noise-free-sound-0582.wav,wav,
aug_583,2.04375,/scratch/yadel/datasets/voxCeleb/pointsource_noises/noise-free-sound-0583.wav,wav,
aug_584,15.7739375,/scratch/yadel/datasets/voxCeleb/pointsource_noises/noise-free-sound-0584.wav,wav,
aug_585,0.9288125,/scratch/yadel/datasets/voxCeleb/pointsource_noises/noise-free-sound-0585.wav,wav,
aug_586,10.8333125,/scratch/yadel/datasets/voxCeleb/pointsource_noises/noise-free-sound-0586.wav,wav,
aug_587,6.1226875,/scratch/yadel/datasets/voxCeleb/pointsource_noises/noise-free-sound-0587.wav,wav,
aug_588,5.8026875,/scratch/yadel/datasets/voxCeleb/pointsource_noises/noise-free-sound-0588.wav,wav,
aug_589,2.2465,/scratch/yadel/datasets/voxCeleb/pointsource_noises/noise-free-sound-0589.wav,wav,
aug_590,3.78775,/scratch/yadel/datasets/voxCeleb/pointsource_noises/noise-free-sound-0590.wav,wav,
aug_591,12.256875,/scratch/yadel/datasets/voxCeleb/pointsource_noises/noise-free-sound-0591.wav,wav,
aug_592,32.875125,/scratch/yadel/datasets/voxCeleb/pointsource_noises/noise-free-sound-0592.wav,wav,
aug_593,61.649,/scratch/yadel/datasets/voxCeleb/pointsource_noises/noise-free-sound-0593.wav,wav,
aug_594,141.1773125,/scratch/yadel/datasets/voxCeleb/pointsource_noises/noise-free-sound-0594.wav,wav,
aug_595,26.898625,/scratch/yadel/datasets/voxCeleb/pointsource_noises/noise-free-sound-0595.wav,wav,
aug_596,13.33925,/scratch/yadel/datasets/voxCeleb/pointsource_noises/noise-free-sound-0596.wav,wav,
aug_597,6.24325,/scratch/yadel/datasets/voxCeleb/pointsource_noises/noise-free-sound-0597.wav,wav,
aug_598,57.920125,/scratch/yadel/datasets/voxCeleb/pointsource_noises/noise-free-sound-0598.wav,wav,
aug_599,3.84,/scratch/yadel/datasets/voxCeleb/pointsource_noises/noise-free-sound-0599.wav,wav,
aug_600,45.395,/scratch/yadel/datasets/voxCeleb/pointsource_noises/noise-free-sound-0600.wav,wav,
aug_601,4.239875,/scratch/yadel/datasets/voxCeleb/pointsource_noises/noise-free-sound-0601.wav,wav,
aug_602,4.125,/scratch/yadel/datasets/voxCeleb/pointsource_noises/noise-free-sound-0602.wav,wav,
aug_603,7.3740625,/scratch/yadel/datasets/voxCeleb/pointsource_noises/noise-free-sound-0603.wav,wav,
aug_604,7.358125,/scratch/yadel/datasets/voxCeleb/pointsource_noises/noise-free-sound-0604.wav,wav,
aug_605,32.0,/scratch/yadel/datasets/voxCeleb/pointsource_noises/noise-free-sound-0605.wav,wav,
aug_606,88.84,/scratch/yadel/datasets/voxCeleb/pointsource_noises/noise-free-sound-0606.wav,wav,
aug_607,20.0098125,/scratch/yadel/datasets/voxCeleb/pointsource_noises/noise-free-sound-0607.wav,wav,
aug_608,3.5265,/scratch/yadel/datasets/voxCeleb/pointsource_noises/noise-free-sound-0608.wav,wav,
aug_609,10.161625,/scratch/yadel/datasets/voxCeleb/pointsource_noises/noise-free-sound-0609.wav,wav,
aug_610,11.1804375,/scratch/yadel/datasets/voxCeleb/pointsource_noises/noise-free-sound-0610.wav,wav,
aug_611,0.127,/scratch/yadel/datasets/voxCeleb/pointsource_noises/noise-free-sound-0611.wav,wav,
aug_612,11.0498125,/scratch/yadel/datasets/voxCeleb/pointsource_noises/noise-free-sound-0612.wav,wav,
aug_613,28.5518125,/scratch/yadel/datasets/voxCeleb/pointsource_noises/noise-free-sound-0613.wav,wav,
aug_614,30.0,/scratch/yadel/datasets/voxCeleb/pointsource_noises/noise-free-sound-0614.wav,wav,
aug_615,10.082875,/scratch/yadel/datasets/voxCeleb/pointsource_noises/noise-free-sound-0615.wav,wav,
aug_616,22.6481875,/scratch/yadel/datasets/voxCeleb/pointsource_noises/noise-free-sound-0616.wav,wav,
aug_617,8.2026875,/scratch/yadel/datasets/voxCeleb/pointsource_noises/noise-free-sound-0617.wav,wav,
aug_618,3.0205625,/scratch/yadel/datasets/voxCeleb/pointsource_noises/noise-free-sound-0618.wav,wav,
aug_619,0.5454375,/scratch/yadel/datasets/voxCeleb/pointsource_noises/noise-free-sound-0619.wav,wav,
aug_620,11.5664375,/scratch/yadel/datasets/voxCeleb/pointsource_noises/noise-free-sound-0620.wav,wav,
aug_621,6.724375,/scratch/yadel/datasets/voxCeleb/pointsource_noises/noise-free-sound-0621.wav,wav,
aug_622,11.9901875,/scratch/yadel/datasets/voxCeleb/pointsource_noises/noise-free-sound-0622.wav,wav,
aug_623,34.9518125,/scratch/yadel/datasets/voxCeleb/pointsource_noises/noise-free-sound-0623.wav,wav,
aug_624,0.104,/scratch/yadel/datasets/voxCeleb/pointsource_noises/noise-free-sound-0624.wav,wav,
aug_625,20.8195625,/scratch/yadel/datasets/voxCeleb/pointsource_noises/noise-free-sound-0625.wav,wav,
aug_626,1.3235625,/scratch/yadel/datasets/voxCeleb/pointsource_noises/noise-free-sound-0626.wav,wav,
aug_627,0.3135,/scratch/yadel/datasets/voxCeleb/pointsource_noises/noise-free-sound-0627.wav,wav,
aug_628,29.0220625,/scratch/yadel/datasets/voxCeleb/pointsource_noises/noise-free-sound-0628.wav,wav,
aug_629,3.5,/scratch/yadel/datasets/voxCeleb/pointsource_noises/noise-free-sound-0629.wav,wav,
aug_630,3.1085625,/scratch/yadel/datasets/voxCeleb/pointsource_noises/noise-free-sound-0630.wav,wav,
aug_631,5.6,/scratch/yadel/datasets/voxCeleb/pointsource_noises/noise-free-sound-0631.wav,wav,
aug_632,2.568,/scratch/yadel/datasets/voxCeleb/pointsource_noises/noise-free-sound-0632.wav,wav,
aug_633,18.272625,/scratch/yadel/datasets/voxCeleb/pointsource_noises/noise-free-sound-0633.wav,wav,
aug_634,64.0,/scratch/yadel/datasets/voxCeleb/pointsource_noises/noise-free-sound-0634.wav,wav,
aug_635,16.876,/scratch/yadel/datasets/voxCeleb/pointsource_noises/noise-free-sound-0635.wav,wav,
aug_636,31.3991875,/scratch/yadel/datasets/voxCeleb/pointsource_noises/noise-free-sound-0636.wav,wav,
aug_637,14.6841875,/scratch/yadel/datasets/voxCeleb/pointsource_noises/noise-free-sound-0637.wav,wav,
aug_638,5.5926875,/scratch/yadel/datasets/voxCeleb/pointsource_noises/noise-free-sound-0638.wav,wav,
aug_639,6.20375,/scratch/yadel/datasets/voxCeleb/pointsource_noises/noise-free-sound-0639.wav,wav,
aug_640,32.7836875,/scratch/yadel/datasets/voxCeleb/pointsource_noises/noise-free-sound-0640.wav,wav,
aug_641,35.1346875,/scratch/yadel/datasets/voxCeleb/pointsource_noises/noise-free-sound-0641.wav,wav,
aug_642,4.4930625,/scratch/yadel/datasets/voxCeleb/pointsource_noises/noise-free-sound-0642.wav,wav,
aug_643,2.78425,/scratch/yadel/datasets/voxCeleb/pointsource_noises/noise-free-sound-0643.wav,wav,
aug_644,94.5981875,/scratch/yadel/datasets/voxCeleb/pointsource_noises/noise-free-sound-0644.wav,wav,
aug_645,1.7240625,/scratch/yadel/datasets/voxCeleb/pointsource_noises/noise-free-sound-0645.wav,wav,
aug_646,35.813,/scratch/yadel/datasets/voxCeleb/pointsource_noises/noise-free-sound-0646.wav,wav,
aug_647,60.103375,/scratch/yadel/datasets/voxCeleb/pointsource_noises/noise-free-sound-0647.wav,wav,
aug_648,12.288,/scratch/yadel/datasets/voxCeleb/pointsource_noises/noise-free-sound-0648.wav,wav,
aug_649,50.4279375,/scratch/yadel/datasets/voxCeleb/pointsource_noises/noise-free-sound-0649.wav,wav,
aug_650,16.236,/scratch/yadel/datasets/voxCeleb/pointsource_noises/noise-free-sound-0650.wav,wav,
aug_651,65.2095,/scratch/yadel/datasets/voxCeleb/pointsource_noises/noise-free-sound-0651.wav,wav,
aug_652,5.69925,/scratch/yadel/datasets/voxCeleb/pointsource_noises/noise-free-sound-0652.wav,wav,
aug_653,29.125,/scratch/yadel/datasets/voxCeleb/pointsource_noises/noise-free-sound-0653.wav,wav,
aug_654,5.9820625,/scratch/yadel/datasets/voxCeleb/pointsource_noises/noise-free-sound-0654.wav,wav,
aug_655,21.34,/scratch/yadel/datasets/voxCeleb/pointsource_noises/noise-free-sound-0655.wav,wav,
aug_656,4.884875,/scratch/yadel/datasets/voxCeleb/pointsource_noises/noise-free-sound-0656.wav,wav,
aug_657,9.6670625,/scratch/yadel/datasets/voxCeleb/pointsource_noises/noise-free-sound-0657.wav,wav,
aug_658,19.0,/scratch/yadel/datasets/voxCeleb/pointsource_noises/noise-free-sound-0658.wav,wav,
aug_659,11.1241875,/scratch/yadel/datasets/voxCeleb/pointsource_noises/noise-free-sound-0659.wav,wav,
aug_660,41.8373125,/scratch/yadel/datasets/voxCeleb/pointsource_noises/noise-free-sound-0660.wav,wav,
aug_661,35.5150625,/scratch/yadel/datasets/voxCeleb/pointsource_noises/noise-free-sound-0661.wav,wav,
aug_662,1.410625,/scratch/yadel/datasets/voxCeleb/pointsource_noises/noise-free-sound-0662.wav,wav,
aug_663,29.3544375,/scratch/yadel/datasets/voxCeleb/pointsource_noises/noise-free-sound-0663.wav,wav,
aug_664,15.647375,/scratch/yadel/datasets/voxCeleb/pointsource_noises/noise-free-sound-0664.wav,wav,
aug_665,17.2669375,/scratch/yadel/datasets/voxCeleb/pointsource_noises/noise-free-sound-0665.wav,wav,
aug_666,13.685625,/scratch/yadel/datasets/voxCeleb/pointsource_noises/noise-free-sound-0666.wav,wav,
aug_667,13.7598125,/scratch/yadel/datasets/voxCeleb/pointsource_noises/noise-free-sound-0667.wav,wav,
aug_668,4.022875,/scratch/yadel/datasets/voxCeleb/pointsource_noises/noise-free-sound-0668.wav,wav,
aug_669,4.022875,/scratch/yadel/datasets/voxCeleb/pointsource_noises/noise-free-sound-0669.wav,wav,
aug_670,4.7600625,/scratch/yadel/datasets/voxCeleb/pointsource_noises/noise-free-sound-0670.wav,wav,
aug_671,70.191,/scratch/yadel/datasets/voxCeleb/pointsource_noises/noise-free-sound-0671.wav,wav,
aug_672,6.2955,/scratch/yadel/datasets/voxCeleb/pointsource_noises/noise-free-sound-0672.wav,wav,
aug_673,3.8298125,/scratch/yadel/datasets/voxCeleb/pointsource_noises/noise-free-sound-0673.wav,wav,
aug_674,31.131875,/scratch/yadel/datasets/voxCeleb/pointsource_noises/noise-free-sound-0674.wav,wav,
aug_675,8.7690625,/scratch/yadel/datasets/voxCeleb/pointsource_noises/noise-free-sound-0675.wav,wav,
aug_676,2.1630625,/scratch/yadel/datasets/voxCeleb/pointsource_noises/noise-free-sound-0676.wav,wav,
aug_677,107.76,/scratch/yadel/datasets/voxCeleb/pointsource_noises/noise-free-sound-0677.wav,wav,
aug_678,2.0636875,/scratch/yadel/datasets/voxCeleb/pointsource_noises/noise-free-sound-0678.wav,wav,
aug_679,22.0,/scratch/yadel/datasets/voxCeleb/pointsource_noises/noise-free-sound-0679.wav,wav,
aug_680,14.568,/scratch/yadel/datasets/voxCeleb/pointsource_noises/noise-free-sound-0680.wav,wav,
aug_681,96.7053125,/scratch/yadel/datasets/voxCeleb/pointsource_noises/noise-free-sound-0681.wav,wav,
aug_682,18.18125,/scratch/yadel/datasets/voxCeleb/pointsource_noises/noise-free-sound-0682.wav,wav,
aug_683,27.616,/scratch/yadel/datasets/voxCeleb/pointsource_noises/noise-free-sound-0683.wav,wav,
aug_684,139.00625,/scratch/yadel/datasets/voxCeleb/pointsource_noises/noise-free-sound-0684.wav,wav,
aug_685,43.8785625,/scratch/yadel/datasets/voxCeleb/pointsource_noises/noise-free-sound-0685.wav,wav,
aug_686,15.6038125,/scratch/yadel/datasets/voxCeleb/pointsource_noises/noise-free-sound-0686.wav,wav,
aug_687,20.8020625,/scratch/yadel/datasets/voxCeleb/pointsource_noises/noise-free-sound-0687.wav,wav,
aug_688,19.25225,/scratch/yadel/datasets/voxCeleb/pointsource_noises/noise-free-sound-0688.wav,wav,
aug_689,1.05,/scratch/yadel/datasets/voxCeleb/pointsource_noises/noise-free-sound-0689.wav,wav,
aug_690,5.2053125,/scratch/yadel/datasets/voxCeleb/pointsource_noises/noise-free-sound-0690.wav,wav,
aug_691,10.0693125,/scratch/yadel/datasets/voxCeleb/pointsource_noises/noise-free-sound-0691.wav,wav,
aug_692,0.927875,/scratch/yadel/datasets/voxCeleb/pointsource_noises/noise-free-sound-0692.wav,wav,
aug_693,1.410625,/scratch/yadel/datasets/voxCeleb/pointsource_noises/noise-free-sound-0693.wav,wav,
aug_694,19.8465,/scratch/yadel/datasets/voxCeleb/pointsource_noises/noise-free-sound-0694.wav,wav,
aug_695,9.4238125,/scratch/yadel/datasets/voxCeleb/pointsource_noises/noise-free-sound-0695.wav,wav,
aug_696,29.570625,/scratch/yadel/datasets/voxCeleb/pointsource_noises/noise-free-sound-0696.wav,wav,
aug_697,6.112625,/scratch/yadel/datasets/voxCeleb/pointsource_noises/noise-free-sound-0697.wav,wav,
aug_698,76.168875,/scratch/yadel/datasets/voxCeleb/pointsource_noises/noise-free-sound-0698.wav,wav,
aug_699,119.5101875,/scratch/yadel/datasets/voxCeleb/pointsource_noises/noise-free-sound-0699.wav,wav,
aug_700,41.04,/scratch/yadel/datasets/voxCeleb/pointsource_noises/noise-free-sound-0700.wav,wav,
aug_701,6.057625,/scratch/yadel/datasets/voxCeleb/pointsource_noises/noise-free-sound-0701.wav,wav,
aug_702,21.81225,/scratch/yadel/datasets/voxCeleb/pointsource_noises/noise-free-sound-0702.wav,wav,
aug_703,8.1930625,/scratch/yadel/datasets/voxCeleb/pointsource_noises/noise-free-sound-0703.wav,wav,
aug_704,20.16,/scratch/yadel/datasets/voxCeleb/pointsource_noises/noise-free-sound-0704.wav,wav,
aug_705,11.3306875,/scratch/yadel/datasets/voxCeleb/pointsource_noises/noise-free-sound-0705.wav,wav,
aug_706,28.290625,/scratch/yadel/datasets/voxCeleb/pointsource_noises/noise-free-sound-0706.wav,wav,
aug_707,40.0718125,/scratch/yadel/datasets/voxCeleb/pointsource_noises/noise-free-sound-0707.wav,wav,
aug_708,63.0595625,/scratch/yadel/datasets/voxCeleb/pointsource_noises/noise-free-sound-0708.wav,wav,
aug_709,31.85775,/scratch/yadel/datasets/voxCeleb/pointsource_noises/noise-free-sound-0709.wav,wav,
aug_710,45.7404375,/scratch/yadel/datasets/voxCeleb/pointsource_noises/noise-free-sound-0710.wav,wav,
aug_711,0.3926875,/scratch/yadel/datasets/voxCeleb/pointsource_noises/noise-free-sound-0711.wav,wav,
aug_712,2.847375,/scratch/yadel/datasets/voxCeleb/pointsource_noises/noise-free-sound-0712.wav,wav,
aug_713,1.6979375,/scratch/yadel/datasets/voxCeleb/pointsource_noises/noise-free-sound-0713.wav,wav,
aug_714,1.12325,/scratch/yadel/datasets/voxCeleb/pointsource_noises/noise-free-sound-0714.wav,wav,
aug_715,60.0555,/scratch/yadel/datasets/voxCeleb/pointsource_noises/noise-free-sound-0715.wav,wav,
aug_716,0.624,/scratch/yadel/datasets/voxCeleb/pointsource_noises/noise-free-sound-0716.wav,wav,
aug_717,5.9820625,/scratch/yadel/datasets/voxCeleb/pointsource_noises/noise-free-sound-0717.wav,wav,
aug_718,13.035125,/scratch/yadel/datasets/voxCeleb/pointsource_noises/noise-free-sound-0718.wav,wav,
aug_719,7.0008125,/scratch/yadel/datasets/voxCeleb/pointsource_noises/noise-free-sound-0719.wav,wav,
aug_720,10.7363125,/scratch/yadel/datasets/voxCeleb/pointsource_noises/noise-free-sound-0720.wav,wav,
aug_721,9.03,/scratch/yadel/datasets/voxCeleb/pointsource_noises/noise-free-sound-0721.wav,wav,
aug_722,7.77,/scratch/yadel/datasets/voxCeleb/pointsource_noises/noise-free-sound-0722.wav,wav,
aug_723,89.721875,/scratch/yadel/datasets/voxCeleb/pointsource_noises/noise-free-sound-0723.wav,wav,
aug_724,0.9109375,/scratch/yadel/datasets/voxCeleb/pointsource_noises/noise-free-sound-0724.wav,wav,
aug_725,33.2295625,/scratch/yadel/datasets/voxCeleb/pointsource_noises/noise-free-sound-0725.wav,wav,
aug_726,120.0138125,/scratch/yadel/datasets/voxCeleb/pointsource_noises/noise-free-sound-0726.wav,wav,
aug_727,29.022,/scratch/yadel/datasets/voxCeleb/pointsource_noises/noise-free-sound-0727.wav,wav,
aug_728,123.84,/scratch/yadel/datasets/voxCeleb/pointsource_noises/noise-free-sound-0728.wav,wav,
aug_729,187.14125,/scratch/yadel/datasets/voxCeleb/pointsource_noises/noise-free-sound-0729.wav,wav,
aug_730,1.489,/scratch/yadel/datasets/voxCeleb/pointsource_noises/noise-free-sound-0730.wav,wav,
aug_731,1.43675,/scratch/yadel/datasets/voxCeleb/pointsource_noises/noise-free-sound-0731.wav,wav,
aug_732,31.73875,/scratch/yadel/datasets/voxCeleb/pointsource_noises/noise-free-sound-0732.wav,wav,
aug_733,31.94775,/scratch/yadel/datasets/voxCeleb/pointsource_noises/noise-free-sound-0733.wav,wav,
aug_734,21.1591875,/scratch/yadel/datasets/voxCeleb/pointsource_noises/noise-free-sound-0734.wav,wav,
aug_735,21.81225,/scratch/yadel/datasets/voxCeleb/pointsource_noises/noise-free-sound-0735.wav,wav,
aug_736,0.9194375,/scratch/yadel/datasets/voxCeleb/pointsource_noises/noise-free-sound-0736.wav,wav,
aug_737,4.8469375,/scratch/yadel/datasets/voxCeleb/pointsource_noises/noise-free-sound-0737.wav,wav,
aug_738,27.89875,/scratch/yadel/datasets/voxCeleb/pointsource_noises/noise-free-sound-0738.wav,wav,
aug_739,19.224,/scratch/yadel/datasets/voxCeleb/pointsource_noises/noise-free-sound-0739.wav,wav,
aug_740,64.0714375,/scratch/yadel/datasets/voxCeleb/pointsource_noises/noise-free-sound-0740.wav,wav,
aug_741,18.696,/scratch/yadel/datasets/voxCeleb/pointsource_noises/noise-free-sound-0741.wav,wav,
aug_742,22.5436875,/scratch/yadel/datasets/voxCeleb/pointsource_noises/noise-free-sound-0742.wav,wav,
aug_743,43.9640625,/scratch/yadel/datasets/voxCeleb/pointsource_noises/noise-free-sound-0743.wav,wav,
aug_744,1.044875,/scratch/yadel/datasets/voxCeleb/pointsource_noises/noise-free-sound-0744.wav,wav,
aug_745,4.7333125,/scratch/yadel/datasets/voxCeleb/pointsource_noises/noise-free-sound-0745.wav,wav,
aug_746,0.227,/scratch/yadel/datasets/voxCeleb/pointsource_noises/noise-free-sound-0746.wav,wav,
aug_747,17.4236875,/scratch/yadel/datasets/voxCeleb/pointsource_noises/noise-free-sound-0747.wav,wav,
aug_748,5.64,/scratch/yadel/datasets/voxCeleb/pointsource_noises/noise-free-sound-0748.wav,wav,
aug_749,1.0,/scratch/yadel/datasets/voxCeleb/pointsource_noises/noise-free-sound-0749.wav,wav,
aug_750,5.4595625,/scratch/yadel/datasets/voxCeleb/pointsource_noises/noise-free-sound-0750.wav,wav,
aug_751,1.446375,/scratch/yadel/datasets/voxCeleb/pointsource_noises/noise-free-sound-0751.wav,wav,
aug_752,33.6083125,/scratch/yadel/datasets/voxCeleb/pointsource_noises/noise-free-sound-0752.wav,wav,
aug_753,24.696,/scratch/yadel/datasets/voxCeleb/pointsource_noises/noise-free-sound-0753.wav,wav,
aug_754,80.72325,/scratch/yadel/datasets/voxCeleb/pointsource_noises/noise-free-sound-0754.wav,wav,
aug_755,14.4195625,/scratch/yadel/datasets/voxCeleb/pointsource_noises/noise-free-sound-0755.wav,wav,
aug_756,4.15875,/scratch/yadel/datasets/voxCeleb/pointsource_noises/noise-free-sound-0756.wav,wav,
aug_757,13.7665,/scratch/yadel/datasets/voxCeleb/pointsource_noises/noise-free-sound-0757.wav,wav,
aug_758,12.644375,/scratch/yadel/datasets/voxCeleb/pointsource_noises/noise-free-sound-0758.wav,wav,
aug_759,2.731375,/scratch/yadel/datasets/voxCeleb/pointsource_noises/noise-free-sound-0759.wav,wav,
aug_760,0.6233125,/scratch/yadel/datasets/voxCeleb/pointsource_noises/noise-free-sound-0760.wav,wav,
aug_761,32.3990625,/scratch/yadel/datasets/voxCeleb/pointsource_noises/noise-free-sound-0761.wav,wav,
aug_762,12.8,/scratch/yadel/datasets/voxCeleb/pointsource_noises/noise-free-sound-0762.wav,wav,
aug_763,20.491625,/scratch/yadel/datasets/voxCeleb/pointsource_noises/noise-free-sound-0763.wav,wav,
aug_764,0.0645625,/scratch/yadel/datasets/voxCeleb/pointsource_noises/noise-free-sound-0764.wav,wav,
aug_765,0.20275,/scratch/yadel/datasets/voxCeleb/pointsource_noises/noise-free-sound-0765.wav,wav,
aug_766,0.026125,/scratch/yadel/datasets/voxCeleb/pointsource_noises/noise-free-sound-0766.wav,wav,
aug_767,29.6385625,/scratch/yadel/datasets/voxCeleb/pointsource_noises/noise-free-sound-0767.wav,wav,
aug_768,0.4229375,/scratch/yadel/datasets/voxCeleb/pointsource_noises/noise-free-sound-0768.wav,wav,
aug_769,25.761625,/scratch/yadel/datasets/voxCeleb/pointsource_noises/noise-free-sound-0769.wav,wav,
aug_770,55.5624375,/scratch/yadel/datasets/voxCeleb/pointsource_noises/noise-free-sound-0770.wav,wav,
aug_771,3.1579375,/scratch/yadel/datasets/voxCeleb/pointsource_noises/noise-free-sound-0771.wav,wav,
aug_772,4.6535625,/scratch/yadel/datasets/voxCeleb/pointsource_noises/noise-free-sound-0772.wav,wav,
aug_773,9.045375,/scratch/yadel/datasets/voxCeleb/pointsource_noises/noise-free-sound-0773.wav,wav,
aug_774,3.1471875,/scratch/yadel/datasets/voxCeleb/pointsource_noises/noise-free-sound-0774.wav,wav,
aug_775,29.5101875,/scratch/yadel/datasets/voxCeleb/pointsource_noises/noise-free-sound-0775.wav,wav,
aug_776,15.661875,/scratch/yadel/datasets/voxCeleb/pointsource_noises/noise-free-sound-0776.wav,wav,
aug_777,6.9224375,/scratch/yadel/datasets/voxCeleb/pointsource_noises/noise-free-sound-0777.wav,wav,
aug_778,18.2613125,/scratch/yadel/datasets/voxCeleb/pointsource_noises/noise-free-sound-0778.wav,wav,
aug_779,12.512625,/scratch/yadel/datasets/voxCeleb/pointsource_noises/noise-free-sound-0779.wav,wav,
aug_780,30.2759375,/scratch/yadel/datasets/voxCeleb/pointsource_noises/noise-free-sound-0780.wav,wav,
aug_781,60.7200625,/scratch/yadel/datasets/voxCeleb/pointsource_noises/noise-free-sound-0781.wav,wav,
aug_782,9.8986875,/scratch/yadel/datasets/voxCeleb/pointsource_noises/noise-free-sound-0782.wav,wav,
aug_783,8.614625,/scratch/yadel/datasets/voxCeleb/pointsource_noises/noise-free-sound-0783.wav,wav,
aug_784,35.8040625,/scratch/yadel/datasets/voxCeleb/pointsource_noises/noise-free-sound-0784.wav,wav,
aug_785,26.919875,/scratch/yadel/datasets/voxCeleb/pointsource_noises/noise-free-sound-0785.wav,wav,
aug_786,19.8,/scratch/yadel/datasets/voxCeleb/pointsource_noises/noise-free-sound-0786.wav,wav,
aug_787,34.9853125,/scratch/yadel/datasets/voxCeleb/pointsource_noises/noise-free-sound-0787.wav,wav,
aug_788,34.8718125,/scratch/yadel/datasets/voxCeleb/pointsource_noises/noise-free-sound-0788.wav,wav,
aug_789,8.8515,/scratch/yadel/datasets/voxCeleb/pointsource_noises/noise-free-sound-0789.wav,wav,
aug_790,16.138125,/scratch/yadel/datasets/voxCeleb/pointsource_noises/noise-free-sound-0790.wav,wav,
aug_791,9.0,/scratch/yadel/datasets/voxCeleb/pointsource_noises/noise-free-sound-0791.wav,wav,
aug_792,41.5869375,/scratch/yadel/datasets/voxCeleb/pointsource_noises/noise-free-sound-0792.wav,wav,
aug_793,9.4301875,/scratch/yadel/datasets/voxCeleb/pointsource_noises/noise-free-sound-0793.wav,wav,
aug_794,4.434125,/scratch/yadel/datasets/voxCeleb/pointsource_noises/noise-free-sound-0794.wav,wav,
aug_795,45.814125,/scratch/yadel/datasets/voxCeleb/pointsource_noises/noise-free-sound-0795.wav,wav,
aug_796,10.24,/scratch/yadel/datasets/voxCeleb/pointsource_noises/noise-free-sound-0796.wav,wav,
aug_797,16.384,/scratch/yadel/datasets/voxCeleb/pointsource_noises/noise-free-sound-0797.wav,wav,
aug_798,12.9706875,/scratch/yadel/datasets/voxCeleb/pointsource_noises/noise-free-sound-0798.wav,wav,
aug_799,5.6319375,/scratch/yadel/datasets/voxCeleb/pointsource_noises/noise-free-sound-0799.wav,wav,
aug_800,9.6,/scratch/yadel/datasets/voxCeleb/pointsource_noises/noise-free-sound-0800.wav,wav,
aug_801,6.01075,/scratch/yadel/datasets/voxCeleb/pointsource_noises/noise-free-sound-0801.wav,wav,
aug_802,5.1245,/scratch/yadel/datasets/voxCeleb/pointsource_noises/noise-free-sound-0802.wav,wav,
aug_803,14.02775,/scratch/yadel/datasets/voxCeleb/pointsource_noises/noise-free-sound-0803.wav,wav,
aug_804,59.6985,/scratch/yadel/datasets/voxCeleb/pointsource_noises/noise-free-sound-0804.wav,wav,
aug_805,15.16,/scratch/yadel/datasets/voxCeleb/pointsource_noises/noise-free-sound-0805.wav,wav,
aug_806,11.78125,/scratch/yadel/datasets/voxCeleb/pointsource_noises/noise-free-sound-0806.wav,wav,
aug_807,4.10125,/scratch/yadel/datasets/voxCeleb/pointsource_noises/noise-free-sound-0807.wav,wav,
aug_808,1.6979375,/scratch/yadel/datasets/voxCeleb/pointsource_noises/noise-free-sound-0808.wav,wav,
aug_809,25.1298125,/scratch/yadel/datasets/voxCeleb/pointsource_noises/noise-free-sound-0809.wav,wav,
aug_810,4.008375,/scratch/yadel/datasets/voxCeleb/pointsource_noises/noise-free-sound-0810.wav,wav,
aug_811,7.9760625,/scratch/yadel/datasets/voxCeleb/pointsource_noises/noise-free-sound-0811.wav,wav,
aug_812,12.198,/scratch/yadel/datasets/voxCeleb/pointsource_noises/noise-free-sound-0812.wav,wav,
aug_813,78.8018125,/scratch/yadel/datasets/voxCeleb/pointsource_noises/noise-free-sound-0813.wav,wav,
aug_814,15.661625,/scratch/yadel/datasets/voxCeleb/pointsource_noises/noise-free-sound-0814.wav,wav,
aug_815,2.4718125,/scratch/yadel/datasets/voxCeleb/pointsource_noises/noise-free-sound-0815.wav,wav,
aug_816,1.324625,/scratch/yadel/datasets/voxCeleb/pointsource_noises/noise-free-sound-0816.wav,wav,
aug_817,1.6123125,/scratch/yadel/datasets/voxCeleb/pointsource_noises/noise-free-sound-0817.wav,wav,
aug_818,57.678375,/scratch/yadel/datasets/voxCeleb/pointsource_noises/noise-free-sound-0818.wav,wav,
aug_819,109.9043125,/scratch/yadel/datasets/voxCeleb/pointsource_noises/noise-free-sound-0819.wav,wav,
aug_820,18.450875,/scratch/yadel/datasets/voxCeleb/pointsource_noises/noise-free-sound-0820.wav,wav,
aug_821,3.3436875,/scratch/yadel/datasets/voxCeleb/pointsource_noises/noise-free-sound-0821.wav,wav,
aug_822,4.989375,/scratch/yadel/datasets/voxCeleb/pointsource_noises/noise-free-sound-0822.wav,wav,
aug_823,2.749125,/scratch/yadel/datasets/voxCeleb/pointsource_noises/noise-free-sound-0823.wav,wav,
aug_824,33.12325,/scratch/yadel/datasets/voxCeleb/pointsource_noises/noise-free-sound-0824.wav,wav,
aug_825,2.6735625,/scratch/yadel/datasets/voxCeleb/pointsource_noises/noise-free-sound-0825.wav,wav,
aug_826,11.18175,/scratch/yadel/datasets/voxCeleb/pointsource_noises/noise-free-sound-0826.wav,wav,
aug_827,0.548,/scratch/yadel/datasets/voxCeleb/pointsource_noises/noise-free-sound-0827.wav,wav,
aug_828,60.081625,/scratch/yadel/datasets/voxCeleb/pointsource_noises/noise-free-sound-0828.wav,wav,
aug_829,6.7504375,/scratch/yadel/datasets/voxCeleb/pointsource_noises/noise-free-sound-0829.wav,wav,
aug_830,0.9581875,/scratch/yadel/datasets/voxCeleb/pointsource_noises/noise-free-sound-0830.wav,wav,
aug_831,11.441625,/scratch/yadel/datasets/voxCeleb/pointsource_noises/noise-free-sound-0831.wav,wav,
aug_832,14.9420625,/scratch/yadel/datasets/voxCeleb/pointsource_noises/noise-free-sound-0832.wav,wav,
aug_833,4.97375,/scratch/yadel/datasets/voxCeleb/pointsource_noises/noise-free-sound-0833.wav,wav,
aug_834,17.0666875,/scratch/yadel/datasets/voxCeleb/pointsource_noises/noise-free-sound-0834.wav,wav,
aug_835,5.0515625,/scratch/yadel/datasets/voxCeleb/pointsource_noises/noise-free-sound-0835.wav,wav,
aug_836,64.896,/scratch/yadel/datasets/voxCeleb/pointsource_noises/noise-free-sound-0836.wav,wav,
aug_837,13.6533125,/scratch/yadel/datasets/voxCeleb/pointsource_noises/noise-free-sound-0837.wav,wav,
aug_838,1.0029375,/scratch/yadel/datasets/voxCeleb/pointsource_noises/noise-free-sound-0838.wav,wav,
aug_839,2.1420625,/scratch/yadel/datasets/voxCeleb/pointsource_noises/noise-free-sound-0839.wav,wav,
aug_840,70.191,/scratch/yadel/datasets/voxCeleb/pointsource_noises/noise-free-sound-0840.wav,wav,
aug_841,90.0,/scratch/yadel/datasets/voxCeleb/pointsource_noises/noise-free-sound-0841.wav,wav,
aug_842,300.0,/scratch/yadel/datasets/voxCeleb/pointsource_noises/noise-free-sound-0842.wav,wav,
